query,impressions,clicks,ctr,position,brand
brick vs opal,431,41,0.0951,3.7,False
faithlocked,482,38,0.0788,4.8,True
faithlock,80,31,0.3875,1.6,True
opal vs screenzen,198,25,0.1263,2.3,False
faith locked,324,24,0.0741,3.2,True
faith locked apk,96,20,0.2083,6.1,True
freedom vs opal,80,16,0.2,3.8,False
faith lock,94,15,0.1596,2.3,True
screenzen vs opal,191,15,0.0785,2.2,False
faithlocked app,71,13,0.1831,2.6,True
opal vs brick,270,13,0.0481,4.0,False
bible mode app for android,152,11,0.0724,4.7,False
faith locked oración y biblia,234,9,0.0385,4.8,True
is prayer lock free,488,8,0.0164,3.6,False
opal vs freedom,75,8,0.1067,3.9,False
faith locked app,47,7,0.1489,2.2,True
opal app vs brick,55,7,0.1273,3.3,False
forest vs flora app,77,6,0.0779,4.6,False
free bible verse app for lock screen,286,6,0.021,6.3,False
bible verse lock screen app,135,5,0.037,6.4,False
christian parental control app,46,5,0.1087,3.4,False
does prayer lock cost money,232,5,0.0216,4.2,False
one sec vs screenzen,52,5,0.0962,3.8,False
prayer lock pricing,11,5,0.4545,2.6,False
cold turkey vs freedom,107,4,0.0374,4.6,False
do you have to pay for prayer lock,221,4,0.0181,3.7,False
faith locked oración y biblia app,88,4,0.0455,5.1,True
faithlocked apk,16,4,0.25,4.2,True
flora vs forest,85,4,0.0471,4.8,False
flora vs forest app,109,4,0.0367,4.3,False
free app for bible verses on lock screen,40,4,0.1,5.8,False
how to add bible verse widget lock screen android,33,4,0.1212,7.6,False
android,39,3,0.0769,2.8,False
best app for bible verses on lock screen,33,3,0.0909,4.3,False
bible verse lock screen android,63,3,0.0476,7.4,False
brick or opal,35,3,0.0857,2.5,False
christian screen time app,13,3,0.2308,3.4,False
faith locked oración y biblia apk,30,3,0.1,7.2,True
faithlocked descargar,12,3,0.25,4.8,True
free bible verse on lock screen,41,3,0.0732,6.5,False
free bible verse widget lock screen,104,3,0.0288,5.5,False
iphone,24,3,0.125,4.0,False
prayer lock,396,3,0.0076,8.7,False
screenzen vs one sec,49,3,0.0612,2.8,False
app for daily bible verse on lock screen,22,2,0.0909,7.3,False
apps like forest,4,2,0.5,1.8,False
best bible lock screen app,7,2,0.2857,2.4,False
best bible verse lock screen app,35,2,0.0571,5.1,False
bible app that puts verses on lock screen,54,2,0.037,6.7,False
bible mode android,11,2,0.1818,5.4,False
bible mode app,128,2,0.0156,8.5,False
bible mode for android,14,2,0.1429,2.9,False
bible verse on lock screen app,81,2,0.0247,6.4,False
bible verse wallpaper that changes every day,36,2,0.0556,6.5,False
bible verses about healing,529,2,0.0038,17.9,False
bible verses about social media addiction,106,2,0.0189,7.5,False
bible verses on lock screen app,51,2,0.0392,6.5,False
cold turkey blocker iphone,35,2,0.0571,9.3,False
cold turkey price,126,2,0.0159,6.7,False
daily bible verse wallpaper app,41,2,0.0488,6.2,False
faith mode app,22,2,0.0909,8.2,False
forest vs flora,69,2,0.029,4.9,False
how to put bible verse on lock screen android,62,2,0.0323,7.3,False
ios,15,2,0.1333,3,False
lock screen bible verse app,58,2,0.0345,5.6,False
lockscreen bible verse app,30,2,0.0667,5.2,False
prayer for anxiety,212,2,0.0094,36.5,False
prayer for courage,84,2,0.0238,22.8,False
screenzen pricing,17,2,0.1176,8.4,False
yes,37,2,0.0541,3.5,False
yes please,6,2,0.3333,2.3,False
a free app,2,1,0.5,4,False
app for bible verse on lock screen,58,1,0.0172,6.7,False
app for bible verses on lock screen free,21,1,0.0476,6,False
app locking,1,1,1,1,False
app that has bible verses on lock screen,25,1,0.04,7.6,False
app that shows bible verses on lock screen,45,1,0.0222,5.9,False
appblock vs freedom,9,1,0.1111,9.4,False
apps that show bible verses on lock screen,27,1,0.037,5.0,False
are you telling the truth,1,1,1,1,False
best bible verse app for lock screen,28,1,0.0357,4.1,False
best free bible verse wallpaper phone,3,1,0.3333,2,False
best one,1,1,1,1,False
bible app that gives daily verse on lock screen,32,1,0.0312,6.8,False
bible lock screen app,95,1,0.0105,6.4,False
bible mode,234,1,0.0043,7.7,False
bible verse about disappointment,104,1,0.0096,10.8,False
bible verse lock screen widget,18,1,0.0556,6.6,False
bible verse on home screen app,4,1,0.25,8,False
bible verse on phone screen app,25,1,0.04,7.6,False
bible verse widget iphone,28,1,0.0357,2.9,False
bible verses about breakups,1,1,1,11,False
bible verses about disappointment,66,1,0.0152,18.7,False
bible verses about hell,3,1,0.3333,10.3,False
bible verses about joy,105,1,0.0095,23.4,False
bible verses about love,415,1,0.0024,35.5,False
bible verses about release,7,1,0.1429,10.9,False
bible verses for spiritual warfare,56,1,0.0179,19.3,False
bible verses on gentleness,29,1,0.0345,12.3,False
bible verses on spiritual warfare,36,1,0.0278,27.8,False
biblemode,10,1,0.1,9.7,False
both,4,1,0.25,2.5,False
brick vs opal reddit,12,1,0.0833,7.7,False
båda,1,1,1,3,False
can i have more suggestions please,1,1,1,2,False
christian bible reading,1,1,1,3,False
christian subreddit,18,1,0.0556,8.3,False
christian subreddits,26,1,0.0385,7.8,False
cold turkey blocker mac,6,1,0.1667,11,False
cold turkey mobile,18,1,0.0556,10.1,False
cold turkey pc,4,1,0.25,7.5,False
cold turkey pro,70,1,0.0143,8.8,False
como cual,1,1,1,1,False
como poner versículos bíblicos en la pantalla de bloqueo android,1,1,1,1,False
compare the two apps,1,1,1,3,False
completely free,2,1,0.5,2.5,False
discord addiction,75,1,0.0133,9.9,False
donde lo descargo,1,1,1,2,False
dónde la encuentro?,1,1,1,2,False
encouragement bible verse,47,1,0.0213,32.6,False
encouraging bible verses,49,1,0.0204,31.7,False
es gratis?,4,1,0.25,4.2,False
for android,11,1,0.0909,2.4,False
for android phone,1,1,1,1,False
for android?,1,1,1,3,False
for ios,3,1,0.3333,4.3,False
free alternatives,3,1,0.3333,2.3,False
free apps,4,1,0.25,3.2,False
free bible lock screen app,28,1,0.0357,6.0,False
free lock screen bible verse widget,4,1,0.25,6,False
freedom app blocker,3,1,0.3333,5.7,False
freedom cold turkey,24,1,0.0417,7.3,False
freedom vs cold turkey,3342,1,0.0003,6.8,False
freedom vs cold turkey reddit,6,1,0.1667,8.3,False
holy blocker,7,1,0.1429,7.3,False
holy focus,113,1,0.0088,8.0,False
how much is cold turkey pro,27,1,0.037,6.7,False
how to put a bible verse on your lock screen,2,1,0.5,1.5,False
how to put a bible verse on your lock screen iphone,1,1,1,1,False
i need a free alternative,1,1,1,1,False
i need completely free,1,1,1,1,False
i would like to see both please,1,1,1,4,False
i'm on samsung,1,1,1,2,False
is all these free,1,1,1,1,False
is cold turkey free,178,1,0.0056,6.3,False
is phone addiction a sin,13,1,0.0769,8.7,False
is the app prayer lock free,28,1,0.0357,3.5,False
like haven,1,1,1,1,False
lock screen bible verse widget,16,1,0.0625,8.2,False
no hay otra?,1,1,1,1,False
no subscription,2,1,0.5,4.5,False
none of those work,1,1,1,1,False
on ios,3,1,0.3333,3,False
on the app store,1,1,1,3,False
opal or brick,8,1,0.125,2.4,False
opal screen time mod apk,1,1,1,9,False
popular,1,1,1,1,False
pray screen time,29,1,0.0345,5.6,False
prayer lock app reviews,15,1,0.0667,7.2,False
prayscreen,31,1,0.0323,10.0,False
pride bible verses,2,1,0.5,9,False
protection prayer,157,1,0.0064,32.3,False
screenzen halo,9,1,0.1111,23.3,False
screenzen halo alternative,12,1,0.0833,8.7,False
scripture on hell,1,1,1,12,False
scriptures of encouragement,72,1,0.0139,30.6,False
spiritual battle bible verse,11,1,0.0909,8.2,False
tell me more about,1,1,1,7,False
verses about spiritual warfare in the bible,2,1,0.5,11.5,False
verses of salvation in the bible,1,1,1,7,False
verses on salvation,1,1,1,22,False
verses on spiritual attacks,1,1,1,1,False
what about for christians,1,1,1,1,False
what app puts a bible verse on your lock screen,48,1,0.0208,7.2,False
what are alternatives,1,1,1,2,False
what do u recommend,1,1,1,1,False
what does the bible say about being gentle,1,1,1,1,False
what does the bible say about letting go,13,1,0.0769,9.3,False
what is the app that puts bible verses on your lock screen,20,1,0.05,8.3,False
what is the best app for that,1,1,1,1,False
what is the best app?,1,1,1,1,False
what other app can i use,1,1,1,1,False
what the bible says about letting go,3,1,0.3333,23,False
which is free,1,1,1,2,False
which one is the best,1,1,1,3,False
y para android,1,1,1,3,False
"""95% of u.s. teens"" social media pew",7,0,0,6.3,False
"""95% of u.s. teens"" social media pew 2024",1,0,0,9,False
"""95% of us teens"" social media pew",2,0,0,7,False
"""bible verse lock screen"" ""app store""",7,0,0,8.1,False
"""bible verse lock screen"" app",9,0,0,8.6,False
"""bible verse lock screen"" app store",73,0,0,7.2,False
"""bible verse lock screen"" ios app",36,0,0,8.6,False
"""cold turkey""",1,0,0,36,False
"""locked into prayer"" brand",1,0,0,2,False
"""ornate to pure"" verse",1,0,0,4,False
"""prayer lock"" app",7,0,0,10.3,False
"""prayer lock"" app store",2,0,0,10,False
"""roblox"" ""age rating"" ""12+"" ""app store""",1,0,0,11,False
"""tap the contact name"" ""export chat"" ""whatsapp help center""",3,0,0,9.7,False
"""tree planting partnerships""",1167,0,0,46.3,False
#1,1,0,0,4,False
$$$?,1,0,0,2,False
...,1,0,0,10,False
1,1,0,0,4,False
1 year?,1,0,0,6,False
10 bible verses about faith,4,0,0,25.8,False
10 bible verses about forgiveness,8,0,0,11,False
10 bible verses about joy,44,0,0,17.6,False
10 healing scriptures,1,0,0,36,False
10 importance of forgiveness in the bible verses,1,0,0,69,False
10 scriptures on faith,11,0,0,15.7,False
10 scriptures on healing,3,0,0,33.3,False
10 ways to love bible verses,2,0,0,34,False
100% free,1,0,0,6,False
15 bible verses to encourage you,3,0,0,47.7,False
15 spiritual warfare scriptures,26,0,0,37.8,False
2,1,0,0,9,False
20 bible verses about love,3,0,0,37,False
3 bible verses about love,3,0,0,30.7,False
30,1,0,0,4,False
41 bible verses about spiritual warfare,2,0,0,28.5,False
5 bible verses about faith,2,0,0,30,False
50 bible verses about love,3,0,0,36.3,False
50 bible verses for healing,1,0,0,77,False
98 bible verses about love,91,0,0,33.6,False
?,1,0,0,2,False
a bible scripture about faith,41,0,0,29.6,False
a bible scripture about forgiveness,2,0,0,43,False
a bible scripture about love,8,0,0,35.4,False
a bible scripture for encouragement,4,0,0,30,False
a bible scripture for healing,1,0,0,36,False
a bible verse about anxiety,1,0,0,23,False
a bible verse about encouragement,8,0,0,34.8,False
a bible verse about faith,4,0,0,28.5,False
a bible verse about forgiveness,7,0,0,34.4,False
a bible verse about healing,2,0,0,28,False
a bible verse about honesty,1,0,0,11,False
a bible verse about love,40,0,0,36.6,False
a bible verse about pride,1,0,0,11,False
a bible verse for anxiety,3,0,0,44,False
a bible verse for encouragement,8,0,0,37.4,False
a bible verse for faith,1,0,0,27,False
a bible verse for forgiveness,3,0,0,39.7,False
a bible verse for healing,7,0,0,34.9,False
a bible verse for love,3,0,0,34.3,False
a bible verse of encouragement,4,0,0,28.8,False
a bible verse of love,1,0,0,38,False
a bible verse on faith,2,0,0,29,False
a bible verse on forgiveness,4,0,0,32,False
a bible verse on healing,5,0,0,32,False
a bible verse on love,6,0,0,37.8,False
a bible verse that talks about forgiveness,2,0,0,42,False
a bible verse that talks about love,10,0,0,37.8,False
a bible verse to encourage,4,0,0,38.5,False
a bible verse to encourage someone,2,0,0,33.5,False
a biblical prayer for healing,1,0,0,44,False
a christian prayer for forgiveness,3,0,0,57,False
a christian prayer for healing,5,0,0,48.2,False
a christian prayer for protection,1,0,0,38,False
a forgiveness prayer,3,0,0,42.7,False
a forgiving prayer,2,0,0,45,False
a good bible verse about love,4,0,0,32.8,False
a good bible verse for encouragement,7,0,0,44.3,False
a good bible verse for healing,4,0,0,34.5,False
a good bible verse for love,6,0,0,38,False
a good encouraging bible verse,2,0,0,43.5,False
a good prayer for healing,1,0,0,41,False
a good prayer for strength,3,0,0,39,False
a good scripture for encouragement,2,0,0,40.5,False
a good verse for encouragement,4,0,0,46.5,False
a healing bible verse,2,0,0,27.5,False
a healing prayer from the bible,5,0,0,38.8,False
a healing verse from the bible,2,0,0,34,False
a je to zadarmo,1,0,0,5,False
a love scripture,1,0,0,37,False
a love verse from the bible,2,0,0,35.5,False
a man's prayer for strength,1,0,0,83,False
a new beginning bible verse,3,0,0,8.7,False
a parent,1,0,0,4,False
a powerful prayer for protection,4,0,0,45.2,False
a pray for forgiveness,1,0,0,41,False
a pray for healing,5,0,0,36.2,False
a pray for peace,1,0,0,32,False
a pray for protection,2,0,0,42,False
a pray for strength,3,0,0,38.3,False
a prayer about forgiveness,10,0,0,42.9,False
a prayer about healing,4,0,0,37.5,False
a prayer about strength,3,0,0,34.7,False
a prayer asking for forgiveness,4,0,0,61.5,False
a prayer for anxiety,26,0,0,35.4,False
a prayer for anxiety and stress,3,0,0,56.7,False
a prayer for anxiety and worry,1,0,0,52,False
a prayer for calming anxiety,2,0,0,42,False
a prayer for complete healing,1,0,0,52,False
a prayer for courage,15,0,0,21.4,False
a prayer for courage and confidence,1,0,0,42,False
a prayer for courage and strength,1,0,0,52,False
a prayer for covering and protection,4,0,0,27.8,False
a prayer for encouragement and strength,2,0,0,69,False
a prayer for faith and strength,6,0,0,47.8,False
a prayer for forgiveness,14,0,0,43.4,False
a prayer for forgiveness from god,5,0,0,50,False
a prayer for forgiveness in the bible,1,0,0,27,False
a prayer for god's guidance,1,0,0,43,False
a prayer for guidance,3,0,0,35.3,False
a prayer for guidance and protection,6,0,0,41,False
a prayer for healing,38,0,0,36.7,False
a prayer for healing in the bible,9,0,0,48.6,False
a prayer for healing in the body,2,0,0,35,False
a prayer for health and healing,1,0,0,42,False
a prayer for hope and healing,1,0,0,38,False
a prayer for inner strength,3,0,0,17,False
a prayer for nervousness,2,0,0,37,False
a prayer for patience and peace,2,0,0,49.5,False
a prayer for physical healing,7,0,0,44.4,False
a prayer for protection,17,0,0,50.4,False
a prayer for protection in the bible,3,0,0,53.3,False
a prayer for strength,126,0,0,37.1,False
a prayer for strength and courage,5,0,0,47.6,False
a prayer for strength and encouragement,2,0,0,62.5,False
a prayer for strength and faith,28,0,0,45.8,False
a prayer for strength and protection,1,0,0,46,False
a prayer for stress and anxiety,4,0,0,53.2,False
a prayer for worry and anxiety,1,0,0,49,False
a prayer from the bible for healing,2,0,0,69,False
a prayer from the bible for protection,1,0,0,37,False
a prayer healing,1,0,0,40,False
a prayer in the bible for healing,2,0,0,74,False
a prayer of courage,1,0,0,27,False
a prayer of forgiveness,6,0,0,52.7,False
a prayer of guidance,4,0,0,38,False
a prayer of healing,14,0,0,34.2,False
a prayer of healing in the bible,2,0,0,55.5,False
a prayer of hope and healing,1,0,0,50,False
a prayer of protection,5,0,0,46.4,False
a prayer of strength,7,0,0,35,False
a prayer of strength and courage,1,0,0,55,False
a prayer of strength and encouragement,1,0,0,69,False
a prayer on forgiveness,5,0,0,47.2,False
a prayer protection,2,0,0,49,False
a prayer quote on strength,5,0,0,52.2,False
a prayer to ask for forgiveness,3,0,0,69.3,False
a prayer to ask god for forgiveness,3,0,0,67.3,False
a prayer to be strong,3,0,0,42.3,False
a prayer to calm anxiety,1,0,0,46,False
a prayer to god for forgiveness,4,0,0,49.8,False
a prayer to god for healing,5,0,0,35.6,False
a prayer to god for protection,2,0,0,55.5,False
a prayer to help with anxiety,1,0,0,42,False
a prayer to stay strong,1,0,0,66,False
a prayers for healing,2,0,0,36.5,False
a prayers for strength,3,0,0,35.7,False
a protection prayer,12,0,0,43.7,False
a scripture about faith,1,0,0,29,False
a scripture about healing,1,0,0,15,False
a scripture about love,1,0,0,32,False
a scripture for encouragement,5,0,0,29.4,False
a scripture for healing,1,0,0,15,False
a scripture in the bible about love,4,0,0,31.8,False
a scripture of encouragement,13,0,0,31.8,False
a short prayer for strength,2,0,0,57,False
a special prayer for healing,2,0,0,42,False
a strength prayer,3,0,0,40,False
a strong prayer for protection,2,0,0,51.5,False
a verse about anxiety,1,0,0,24,False
a verse about faith,1,0,0,26,False
a verse about healing,3,0,0,45.7,False
a verse about love,5,0,0,35.2,False
a verse for encouragement,3,0,0,26,False
a verse for healing,7,0,0,45,False
a verse for love,1,0,0,35,False
a verse from the bible about faith,2,0,0,24,False
a verse from the bible about forgiveness,3,0,0,35.3,False
a verse from the bible about healing,4,0,0,34.5,False
a verse from the bible about love,3,0,0,39,False
a verse from the bible for healing,2,0,0,32.5,False
a verse in the bible about faith,2,0,0,25.5,False
a verse in the bible about forgiveness,1,0,0,33,False
a verse in the bible about healing,1,0,0,33,False
a verse in the bible about love,23,0,0,32.9,False
a verse in the bible for encouragement,3,0,0,35.7,False
a verse in the bible for healing,3,0,0,38.3,False
a verse in the bible that talks about love,3,0,0,36.3,False
a verse of encouragement,16,0,0,27.5,False
a verse of encouragement from the bible,2,0,0,37,False
a verse on healing,1,0,0,53,False
a verse that talks about faith,2,0,0,34,False
a verse that talks about love,1,0,0,32,False
a verse to encourage someone,4,0,0,39.8,False
a word of encouragement from the bible,6,0,0,35.8,False
aa big book forgiveness prayer,1,0,0,99,False
about faith bible verse,2,0,0,21,False
about faith in the bible,1,0,0,39,False
about faith verse,1,0,0,26,False
about healing bible verse,2,0,0,42,False
about laziness,1,0,0,6,False
about love bible verse,5,0,0,29,False
about love bible verses,13,0,0,32.4,False
about love in bible verse,7,0,0,32,False
about love in the bible verse,3,0,0,37.3,False
about love verses,2,0,0,31,False
above all else love bible verse,1,0,0,49,False
accepting god's forgiveness bible verse,2,0,0,21.5,False
according to your faith scriptures,6,0,0,47.8,False
according to your faith verse,2,0,0,45,False
according to your faith verses,8,0,0,43.6,False
activity sharing discord,1,0,0,3,False
add bible verse to lock screen iphone,3,0,0,26,False
addicted to discord,30,0,0,9.0,False
addiction,1,0,0,6,False
addiction discord,2,0,0,10.5,False
agree with god for healing,1,0,0,60,False
all,1,0,0,2,False
all bible scriptures on healing,1,0,0,31,False
all bible verses about love,2,0,0,33.5,False
all bible verses on healing,4,0,0,46.8,False
all femme flora reviews,1,0,0,3,False
all of the above,1,0,0,6,False
all scriptures on love,1,0,0,43,False
alright,1,0,0,3,False
alternative free apps,2,0,0,2.5,False
alternative to forest app,1,0,0,1,False
alternatives,1,0,0,1,False
alternatives to brick,1,0,0,47,False
alternatives to opal,1,0,0,46,False
ambas son gratuitas?,1,0,0,10,False
american psychological association doomscrolling anxiety,8,0,0,9.6,False
american psychological association doomscrolling anxiety stress,13,0,0,11.2,False
american psychological association doomscrolling definition,5,0,0,8.8,False
american psychological association doomscrolling mental health,9,0,0,9.8,False
american psychological association doomscrolling mental health article,2,0,0,10.5,False
american psychological association doomscrolling stress,38,0,0,9.3,False
american psychological association doomscrolling stress anxiety,8,0,0,10.2,False
american psychological association doomscrolling stress article,1,0,0,11,False
american psychological association doomscrolling stress mental health,2,0,0,10.5,False
american psychological association doomscrolling stress official,3,0,0,8.7,False
an encouragement bible verse,6,0,0,40.8,False
an encouraging verse,2,0,0,33,False
and 100% free,1,0,0,2,False
and it’s free,1,0,0,4,False
and pricing,1,0,0,11,False
and verse,1,0,0,3,False
andriod,2,0,0,4,False
android alternative,1,0,0,4,False
android app,1,0,0,4,False
android honor,1,0,0,2,False
android lock screen widgets bible app,1,0,0,9,False
android lock screen widgets bible verse,2,0,0,10.5,False
android lock screen widgets bible verse app,19,0,0,9.5,False
android lock screen widgets bible verse apps,1,0,0,7,False
android one plus,1,0,0,2,False
android samsung,1,0,0,1,False
android version,1,0,0,3,False
android yes,1,0,0,5,False
android?,1,0,0,4,False
androif,1,0,0,2,False
another name for forest,1,0,0,3,False
another word for forest,1,0,0,3,False
anti anxiety prayer,4,0,0,34.2,False
anxiety and prayer,4,0,0,47.5,False
anxiety and worry bible verses,4,0,0,41,False
anxiety attack bible verse,1,0,0,40,False
anxiety attack prayer,2,0,0,40.5,False
anxiety bible passages,1,0,0,45,False
anxiety bible quote,1,0,0,34,False
anxiety bible scriptures,1,0,0,30,False
anxiety bible verse,15,0,0,36.7,False
anxiety bible verses,36,0,0,37.9,False
anxiety bible verses niv,6,0,0,27.2,False
anxiety biblical verses,40,0,0,40.4,False
anxiety in bible,3,0,0,49,False
anxiety in bible verse,2,0,0,37.5,False
anxiety in bible verses,5,0,0,40.6,False
anxiety in scripture,5,0,0,40.6,False
anxiety in the bible verses,1,0,0,41,False
anxiety prayer,125,0,0,37.3,False
anxiety prayer bible,1,0,0,34,False
anxiety prayer christian,1,0,0,38,False
anxiety prayer quotes,3,0,0,40,False
anxiety prayer verse,7,0,0,38.6,False
anxiety prayers,5,0,0,38.8,False
anxiety prayers bible,3,0,0,34.7,False
anxiety quotes bible,1,0,0,59,False
anxiety quotes in the bible,1,0,0,41,False
anxiety relief prayer,2,0,0,32,False
anxiety scripture,4,0,0,37.2,False
anxiety scripture verses,16,0,0,45.1,False
anxiety scriptures,27,0,0,56.2,False
anxiety scriptures in the bible,1,0,0,28,False
anxiety verse,5,0,0,39.4,False
anxiety verse in bible,1,0,0,47,False
anxiety verses,13,0,0,34.1,False
anxiety verses from the bible,3,0,0,38,False
anxiety verses in bible,1,0,0,34,False
anxiety verses in the bible,8,0,0,38.5,False
anxious bible quotes,1,0,0,51,False
anxious bible verse,1,0,0,41,False
anxious bible verses,2,0,0,27.5,False
anxious prayer,1,0,0,37,False
