score,category,keyword,volume,kd,cpc,variants
361.4,catholic,when does lent stop,60500,4,28.17,1
361.4,catholic,when does lent end,60500,4,28.17,2
361.4,catholic,when did lent end,60500,4,28.17,1
280.4,catholic,when lent,49500,13,15.68,5
273.8,how-to-block,how to block someone on tiktok,90500,1,0.78,1
260.6,how-to-block,how to block someone on tik tok,90500,4,0.78,1
255.7,prayers,prayer time for muslims,450000,13,7.31,2
251.0,other,verses from bible about strength,90500,3,1.82,3
251.0,other,verses of the bible for strength,90500,3,1.82,2
251.0,other,verses from the bible for strength,90500,3,1.82,1
251.0,bible-verses,bible verses on strength,90500,3,1.82,3
248.2,verse-display,wallpaper christian,49500,3,0.44,11
247.7,bible-verses,verses about love from the bible,165000,5,2.35,1
247.7,other,verses from bible about love,165000,5,2.35,3
247.7,bible-verses,bible verses about loving,165000,5,2.35,1
247.7,bible-verses,bible verses on loving,165000,5,2.35,1
247.7,bible-verses,verses on love from the bible,165000,5,2.35,1
247.7,other,verses from the bible on love,165000,5,2.35,1
247.7,other,verses in the bible on love,165000,5,2.35,1
247.4,how-to-block,how to turn off find my iphone,49500,4,1.9,2
247.4,how-to-block,how to turn off find my iphone from iphone,49500,4,1.9,1
247.3,bible-verses,quote about bible verses,60500,14,6.84,3
247.3,bible-verses,quotes on bible verses,60500,14,6.84,1
246.1,prayers,time for maghrib prayer,49500,12,8.57,2
243.7,audiences,homeschool-curriculum,74000,15,6.97,22
243.5,bible-verses,bible quotes about encouragement,110000,6,2.34,1
243.2,blocker-tools,how to block website iphone,27100,2,2.16,17
242.8,bible-verses,verses about strength from god,90500,5,1.82,1
241.6,how-to-block,how to delete a page word,49500,1,0.08,7
241.6,how-to-block,how to delete any page in word,49500,1,0.08,1
239.6,catholic,lent holiday,135000,24,10.69,4
239.5,bible-verses,bible verses for lovers,165000,7,2.35,1
239.3,blocker-tools,how to block website from iphone,27100,3,2.16,2
239.2,how-to-block,how to turn off iphone find my phone,49500,6,1.9,3
238.8,audiences,easy peasy all one homeschool,33100,8,15.11,5
233.8,how-to-block,how to delete instagram account,201000,9,0.22,6
233.8,how-to-block,how to delete an account from instagram,201000,9,0.22,1
233.4,how-to-other,how to remove block person in facebook,90500,3,0.01,1
233.3,bible-verses,bible quotes about healing,49500,1,1.57,1
232.3,bible-verses,bible scriptures for encouragement,49500,3,2.31,1
232.3,bible-verses,biblical scriptures for encouragement,49500,3,2.31,1
231.2,prayers,time for prayer,246000,17,6.52,13
231.2,prayers,timing for prayer,246000,17,6.52,3
231.1,how-to-block,how to turn off find my iphone on computer,49500,8,1.9,1
231.1,how-to-block,how to turn off find my iphone from computer,49500,8,1.9,1
227.3,how-to-block,how to delete applications on iphone,33100,1,3.7,1
227.1,how-to-block,how to quit planet fitness membership,90500,15,2.23,1
227.0,prayers,divine chaplet,135000,6,0.56,2
226.4,bible-verses,bible verses about a friend,49500,1,0.82,1
226.4,other,verses in the bible about friends,49500,1,0.82,1
225.7,how-to-block,how to delete ig account,201000,11,0.22,2
224.9,how-to-other,how to find my iphone turn off,49500,4,1.9,5
224.5,how-to-other,how to force quit a mac,60500,6,0.29,16
224.3,how-to-block,how to stop snorers,49500,10,2.03,1
224.3,how-to-block,how to stop snoring,49500,10,2.03,3
224.3,how-to-block,how to quit snoring,49500,10,2.03,1
223.2,bible-verses,biblical verses about love,165000,11,2.35,1
219.4,prayers,mercy divine chaplet,135000,8,0.56,14
218.7,bible-verses,biblical verses about strength,90500,11,1.82,1
218.1,catholic,how many days lent,27100,9,11.22,10
218.1,catholic,how long lent,27100,9,11.22,5
218.1,catholic,how many day in lent,27100,9,11.22,1
218.0,other,al pastors,201000,8,0.41,1
217.7,prayers,night time prayer,60500,8,0.37,5
217.7,prayers,prayer at night time,60500,8,0.37,1
217.7,prayers,pray night prayer,60500,8,0.37,1
216.1,prayers,prayer for the lord,246000,8,0.19,2
215.7,bible-verses,bible scriptures for healing,90500,10,1.01,3
215.7,how-to-block,how to stop unwanted calls on iphone,60500,18,2.39,1
215.4,prayers,prayer to st michael angel,135000,8,0.12,1
215.2,devotionals,intouch daily devotional,40500,19,11.96,1
213.6,prayers,prayer to me,246000,21,6.52,1
212.6,other,how how to delete instagram account,201000,9,0.22,1
211.8,bible-verses,verses for healing in bible,90500,11,1.01,7
211.8,other,verses in the bible on healing,90500,11,1.01,3
211.4,how-to-block,how to turn off locate my iphone,49500,13,1.9,1
211.3,bible-verses,bible verses on love,165000,14,2.35,4
210.9,bible-verses,bible scripture about strength,90500,13,1.82,1
210.9,bible-verses,biblical scriptures for strength,90500,13,1.82,1
209.2,how-to-block,how to delete apps iphone,33100,6,3.7,9
208.6,prayers,rosary catholic prayer,60500,11,0.63,4
208.4,how-to-block,how to delete browser cache chrome,60500,16,0.54,3
207.3,how-to-block,how to block unsolicited calls on iphone,60500,20,2.39,1
207.0,other,quotes from the bible about strength,90500,14,1.82,2
205.6,prayers,hand for prayer,49500,5,0.07,2
204.9,bible-verses,bible scripture about friendship,49500,7,0.82,1
204.1,bible-verses,bible verses about verses,165000,18,3.47,1
204.1,bible-verses,verses on the bible,165000,18,3.47,4
203.9,how-to-block,how to delete iphone search history,74000,18,0.95,6
203.9,how-to-block,how to delete iphone website history,74000,18,0.95,2
203.9,how-to-block,how to delete browsing history on iphone,74000,18,0.95,2
203.9,how-to-other,how to to stop snoring,49500,10,2.03,1
203.5,bible-verses,bible quotes about love,165000,16,2.35,1
203.5,other,quotes from bible about love,165000,16,2.35,2
203.2,how-to-block,how to block unwanted calls from iphone,60500,21,2.39,1
203.2,how-to-block,how to block unwanted calls on iphone,60500,21,2.39,1
203.1,other,free phone,110000,21,5.01,4
203.0,catholic,how many days long is lent,27100,13,11.22,1
202.4,audiences,easy peasy homeschool,22200,6,15.01,2
202.1,how-to-other,how to force quit mac computer,60500,12,0.29,2
200.6,bible-verses,biblical verses about forgiveness,33100,1,2.89,1
199.9,how-to-block,how to delete iphone internet history,74000,19,0.95,2
198.8,how-to-block,how to turn off my phone,33100,2,0.63,4
198.6,bible-verses,quotation about bible verse,60500,25,6.84,1
196.7,other,verse from the bible about healing,49500,11,1.57,2
196.7,other,verses from bible for healing,49500,11,1.57,3
196.7,bible-verses,verses on healing from the bible,49500,11,1.57,2
194.4,how-to-block,how to delete iphone cookies,49500,18,2.19,4
193.3,devotionals,daily devotional charles stanley,33100,19,11.72,3
192.1,how-to-block,how to delete your history on iphone,74000,21,0.95,1
192.0,prayers,emoji for prayers,40500,3,0.04,1
191.8,bible-verses,bible scriptures for strength,90500,18,1.82,1
191.5,how-to-block,how to block contact on iphone,40500,10,0.58,3
191.2,bible-verses,bible verse about inspiration,33100,4,2.92,2
191.2,bible-verses,bible verses on inspiration,33100,4,2.92,2
190.1,audiences,christian dior perfume men,33100,1,1.49,5
190.1,how-to-block,how to stop spotify premium,27100,5,3.35,1
189.2,how-to-block,how to stop hiccups,74000,20,0.08,3
189.1,adult-blocking,covenant eyes inc,33100,25,2.35,1
189.1,adult-blocking,covenant eyes,33100,25,2.35,11
188.1,other,quotes from bible about healing,33100,1,1.22,2
188.0,how-to-block,how to block a website iphone,27100,3,2.16,5
186.1,other,verses from bible about faith,27100,2,4.03,3
186.1,bible-verses,bible verses on faith,27100,2,4.03,3
186.1,other,verses in the bible on faith,27100,2,4.03,1
186.1,other,verses from the bible on faith,27100,2,4.03,1
185.9,how-to-block,how to delete from facebook account,201000,21,0.14,4
185.9,how-to-block,how to delete facebook account,201000,21,0.14,16
185.9,devotionals,daily devotional in touch,40500,26,11.89,2
184.4,how-to-block,how to delete iphone web history,74000,23,0.95,2
183.3,bible-study,bible for bible study,40500,16,4.9,10
183.0,prayers,prayer rosary,60500,18,0.63,28
183.0,prayers,prayerful rosary,60500,18,0.63,1
183.0,prayers,praying the rosary prayers,60500,18,0.63,1
182.7,prayers,prayer for saint michael,135000,17,0.12,3
182.0,devotionals,today's devotional our daily bread,74000,28,6.16,1
181.5,other,passages from the bible about forgiveness,33100,7,2.89,1
181.3,how-to-block,how to delete chrome cache,60500,23,0.54,1
181.2,bible-verses,bible verses on communion,33100,2,0.69,2
181.1,prayers,prayer for tonight,60500,18,0.37,2
181.0,blocker-tools,how to block websites chromebook,14800,4,3.22,3
180.8,how-to-other,how to turn my phone off,33100,2,0.63,4
180.5,how-to-other,how to force quit on macbook,60500,18,0.29,3
179.4,prayers,prayer for hail mary,135000,18,0.14,1
178.4,how-to-block,how to delete fb account,201000,23,0.14,4
178.0,audiences,christian dior fragrance men,33100,5,1.49,2
177.5,prayers,night time prayer christian,60500,19,0.37,2
177.3,devotionals,joyce meyer daily devotional,40500,25,9.5,4
177.1,catholic,lent,135000,33,7.36,7
176.8,prayers,prayer to heal,90500,20,0.76,1
176.8,how-to-block,how to delete internet history from iphone,74000,25,0.95,1
176.7,catholic,when does lent begin,90500,21,0.04,1
176.7,prayers,prayer for act of contrition,33100,2,0.08,1
176.4,how-to-block,how to turn off iphone,49500,19,0.24,6
175.8,how-to-block,how to stop an apple from turning brown,27100,2,0.06,1
175.7,how-to-block,how to block sites iphone,27100,7,2.16,7
175.3,bible-verses,bible scripture about forgiveness,33100,9,2.89,1
175.3,bible-verses,bible scriptures for forgiveness,33100,9,2.89,1
175.0,catholic,last week of lent,33100,21,8.05,1
174.1,prayers,prayer to san miguel arcangel,40500,9,0.15,1
174.1,bible-verses,bible quotes about faith,27100,6,4.03,1
173.4,bible-verses,bible verse about lovely,165000,24,2.35,1
173.0,how-to-block,how to delete search history from iphone,74000,26,0.95,1
172.7,how-to-block,how to block a website from iphone,27100,8,2.16,1
172.0,how-to-other,how to to stop hiccups,74000,20,0.08,1
172.0,blocker-tools,how to block websites in chrome browser,14800,7,3.22,1
171.6,bible-verses,bible verses about comforting,27100,1,1.42,1
171.6,bible-verses,bible verses on comfort,27100,1,1.42,2
171.6,bible-verses,bible verses for comforting,27100,1,1.42,1
171.5,how-to-block,how to block iphone numbers,40500,16,0.58,6
171.5,how-to-block,how to block numbers from iphone,40500,16,0.58,1
171.3,how-to-block,how to stop private browsing,27100,6,1.06,1
171.2,prayers,prayer for day,74000,29,5.02,6
170.6,prayers,prayer at night,60500,21,0.37,2
170.5,bible-verses,scriptures for forgiveness,27100,4,2.53,1
169.4,bible-verses,bible quotes about marriage,27100,1,1.09,1
169.4,audiences,quotes from the bible about marriage,27100,1,1.09,1
169.0,how-to-other,how to facebook delete account,201000,21,0.14,4
169.0,other,delete facebook account how to,201000,21,0.14,4
169.0,prayers,prayer how to pray,18100,7,9.86,1
168.8,bible-verses,verses about comfort,27100,2,1.42,1
167.5,how-to-block,how to stop from snoring,49500,25,2.03,1
167.2,how-to-block,how to stop browning of apples,27100,5,0.06,1
167.1,how-to-block,how to stop apples from browning,27100,5,0.04,1
166.9,bible-verses,bible scripture about relationships,27100,2,1.13,1
165.9,how-to-block,how to stop itching down there immediately,22200,3,1.5,1
165.4,prayers,prayer for st michael,135000,22,0.12,3
165.3,bible-verses,biblical verses about faith,27100,9,4.03,1
165.1,devotionals,daily devotional by billy graham,14800,2,9.64,1
165.1,devotionals,daily devotional billy graham,14800,2,9.64,2
165.0,bible-verses,what does scripture say about cremation,27100,1,0.45,1
165.0,bible-verses,what does the bible say about cremation,27100,1,0.45,1
164.9,prayers,words to livin on a prayer,33100,6,0.02,1
163.9,audiences,passages about marriage in the bible,27100,3,1.09,2
163.5,audiences,homeschool math curriculum,27100,9,3.72,8
163.3,bible-verses,bible quotes about motivation,33100,13,2.92,1
162.7,verse-display,verse of the day king james,22200,21,9.23,2
162.2,how-to-other,how to fb delete account,201000,23,0.14,1
162.0,prayers,prayer to saint michael archangel,135000,23,0.12,4
162.0,how-to-other,how to turn apple.watch off,33100,7,0.0,4
161.9,how-to-block,how to delete browser history on iphone,74000,29,0.95,1
161.9,bible-verses,bible quotes about bible,60500,34,6.84,1
161.7,how-to-block,how to delete application on mac,33100,14,0.69,2
161.3,prayers,pray morning prayer,110000,24,0.52,2
160.9,how-to-block,how to block sites from iphone,27100,12,2.16,1
160.8,prayers,prayer for st jude,27100,2,0.22,2
160.5,prayers,christian prayer for strength,40500,15,0.82,2
160.4,how-to-other,how to turn on off iphone,49500,19,0.24,3
159.9,how-to-other,how to turn location off iphone,27100,5,1.31,3
159.7,prayers,glory to father prayer,33100,8,0.07,5
158.7,how-to-block,how to delete an app macbook,33100,15,0.69,1
158.5,other,passages about anxiety in the bible,49500,22,1.44,1
158.2,blocker-tools,penne pomodoro,12100,2,1.47,1
157.3,prayers,prayer roman catholic,40500,16,0.8,3
157.2,how-to-block,how to turn off apple watch,33100,14,0.0,3
157.2,how-to-block,how to stop subscription on iphone,22200,19,8.24,3
156.6,how-to-block,how to delete a gmail address,33100,16,0.82,1
156.0,how-to-block,how to block on tiktok,22200,10,3.04,1
155.7,catholic,when does lent start,90500,27,0.04,2
155.5,how-to-block,how to stop cough,40500,21,0.58,2
155.4,bible-verses,bible verses on guarding your heart,14800,4,8.72,1
154.7,prayers,prayer to forgive,18100,2,4.5,1
154.6,prayers,morning prayer christianity,110000,26,0.52,1
154.6,how-to-block,how to turn off ipad,33100,15,0.04,3
154.6,blocker-tools,how to block websites from chrome,14800,13,3.22,2
154.6,blocker-tools,how to block websites chrome,14800,13,3.22,12
154.4,how-to-block,how to turn off private browser on iphone,22200,6,0.97,1
153.9,bible-verses,bible scriptures for faith,27100,13,4.03,1
153.5,how-to-block,how to turn off active status on ig,22200,4,0.0,1
153.0,how-to-block,how to block someone on fb,27100,10,0.0,3
152.8,how-to-block,how to stop coughing,40500,22,0.65,1
152.8,how-to-block,how to stop location on iphone,27100,13,1.31,1
152.5,bible-verses,scripture about faith,18100,1,3.64,1
152.5,bible-verses,scriptures for faith,18100,1,3.64,1
152.3,how-to-block,how to block a phone on iphone,40500,22,0.58,1
152.3,how-to-block,how to block no on iphone,40500,22,0.58,1
152.2,how-to-block,how to block web pages on iphone,27100,15,2.16,1
152.1,prayers,prayer to michael archangel,135000,26,0.12,6
152.1,audiences,christian dior sauvage cologne for men,40500,20,1.93,1
151.8,how-to-block,how to turn off dnd on iphone,27100,13,1.14,1
151.6,prayers,st jude novena,18100,4,4.86,6
151.6,prayers,st jude's novena,18100,4,4.86,1
150.9,how-to-block,how to delete browser cookies on iphone,49500,30,2.19,1
150.9,how-to-block,how to stop a runny nose,27100,13,0.99,2
150.9,how-to-block,how to stop flowing nose,27100,13,0.99,1
150.9,how-to-block,how to stop drippy nose,27100,13,0.99,1
150.7,how-to-block,how to stop diarrhea,49500,27,0.45,2
150.7,how-to-block,how to reduce diarrhea,49500,27,0.45,1
149.5,bible-verses,scripture about nephilim,22200,6,2.58,1
149.2,how-to-block,how to block mobile numbers on iphone,40500,23,0.58,1
149.0,how-to-block,how to delete history from safari,49500,28,0.71,1
149.0,how-to-block,how to delete safari history,49500,28,0.71,1
149.0,how-to-block,how to delete search history in safari,49500,28,0.71,2
149.0,how-to-block,how to turn off iphone do not disturb,27100,14,1.14,2
148.8,catholic,significance of lent,22200,21,9.28,1
148.6,prayers,prayers during the rosary,40500,19,0.83,1
148.4,prayers,time for maghrib prayer today,33100,29,9.86,2
148.4,how-to-block,how to turn off liquid glass,22200,6,0.0,1
147.6,how-to-block,how to block someone facebook,27100,12,0.0,3
147.6,how-to-block,how to block someone from facebook,27100,12,0.0,1
147.6,how-to-block,how to block people from facebook,27100,12,0.0,1
146.6,how-to-block,how to stop snore,49500,31,2.03,1
146.6,other,facebook how to block someone,27100,7,0.0,1
146.2,how-to-block,how to stop nasal drip,18100,3,0.89,2
145.7,other,fb how to delete account,201000,28,0.14,1
145.6,prayers,prayer for thanksgiving,22200,10,3.75,3
145.6,prayers,prayer for thanksgiving day,22200,10,3.75,3
145.5,prayers,prayer to st michael archangel,135000,28,0.12,4
144.9,prayers,islamic time for prayer,450000,39,7.31,10
144.8,bible-verses,bible verses about fruit of the holy spirit,33100,15,0.77,3
144.8,bible-verses,bible verse about fruit of the spirit,33100,15,0.77,8
144.8,bible-verses,bible verses on fruit of the spirit,33100,15,0.77,4
144.7,prayers,prayers for forgiveness christian,18100,6,4.5,2
144.2,other,what does it say about cremation in the bible,27100,9,0.45,1
144.1,other,fb how to block someone,27100,8,0.0,1
143.8,prayers,night prayer christian,60500,29,0.37,2
143.7,how-to-block,how to stop bleeding nose,40500,24,0.17,4
143.7,how-to-block,how to stop bleeding from nose,40500,24,0.17,2
143.7,how-to-block,how to stop s bloody nose,40500,24,0.17,1
143.7,how-to-block,how to stop nasal bleeding,40500,24,0.17,1
143.7,how-to-block,how to stop a nose bleed,40500,24,0.17,2
143.7,how-to-block,how to stop a nosebleed,40500,24,0.17,1
143.4,audiences,homeschool resource,301000,38,6.19,3
143.2,prayers,st michael's chaplet,22200,4,0.63,1
143.0,how-to-block,how to reduce cortisol,40500,26,1.1,1
142.2,audiences,khan academy homeschool,18100,5,3.53,4
142.0,prayers,prayer for jesus,22200,12,4.06,2
141.3,adult-blocking,how to stop porn addiction,18100,27,3.81,3
141.3,adult-blocking,how to stop pornography addiction,18100,27,3.81,1
141.3,adult-blocking,how to quit a porn addiction,18100,27,3.81,1
141.3,adult-blocking,how to break porn addiction,18100,27,3.81,2
141.3,audiences,time4learning homeschool curriculum,9900,1,10.63,1
141.2,how-to-block,how to delete an app mac,33100,21,0.69,1
141.1,prayers,prayer schedule for muslims,450000,40,7.31,1
140.7,how-to-block,how to stop epistaxis,40500,25,0.17,1
140.6,bible-verses,bible passages about hope,18100,4,2.77,1
140.5,how-to-other,how to turn ipad off,33100,15,0.04,5
140.5,blocker-tools,pomodoro pizza,9900,4,1.85,2
139.4,how-to-block,how to turn off smoke detector,18100,4,0.14,3
139.2,how-to-block,how to turn off pop up blocker,27100,18,1.34,2
139.1,how-to-block,how to stop vikkal,74000,34,0.08,1
139.1,how-to-block,how to turn off do not disturb,27100,17,0.84,1
139.0,how-to-block,how to turn off private browsing iphone,22200,12,0.97,5
138.9,how-to-other,how to to stop coughing,40500,22,0.65,1
138.9,bible-verses,scripture about praying,18100,1,1.18,1
138.6,verse-display,bible verse of the day about strength,9900,4,7.04,1
138.4,prayers,rosary divine mercy,135000,31,0.56,3
138.2,bible-verses,scriptures for peace,40500,25,2.12,1
138.2,bible-verses,bible quotes about peace,40500,25,2.12,1
137.4,how-to-block,how to stop eye twitch,18100,5,0.18,4
137.4,how-to-block,how to stop twitchy eye,18100,5,0.18,1
137.4,how-to-block,how to stop eye from twitching,18100,5,0.18,3
137.4,how-to-block,how to stop eye tics,18100,5,0.18,1
137.4,how-to-block,how to stop twitching eye,18100,5,0.18,5
137.4,how-to-block,how to stop a twitchy eyelid,18100,5,0.18,1
137.2,how-to-other,how to to stop a runny nose,27100,13,0.99,1
137.1,how-to-other,how to pray rosary prayer,74000,32,0.89,3
137.1,how-to-other,how to say a rosary prayer,74000,32,0.89,3
137.1,how-to-other,how to pray holy rosary,74000,32,0.89,3
137.0,how-to-other,how to to stop diarrhea,49500,27,0.45,1
137.0,prayers,verses from the bible about prayer,18100,2,1.24,1
137.0,prayers,verses in the bible on prayer,18100,2,1.24,1
136.8,bible-verses,scripture about anxiety,18100,3,1.62,1
136.8,bible-verses,scriptures for anxiety,18100,3,1.62,1
136.7,bible-verses,scripture how to pray,18100,2,1.18,3
136.7,prayers,novena saint jude,18100,10,4.86,3
136.7,how-to-block,how to stop post nasal drip,18100,7,0.89,3
136.5,other,pop up blocker how to turn off,27100,14,1.34,1
136.5,prayers,prayer when anxious,18100,4,1.99,1
136.1,prayers,st michael rosary chaplet,22200,7,0.63,1
136.1,prayers,saint michael the archangel chaplet,22200,7,0.63,3
135.9,how-to-block,how to delete browser history safari,49500,32,0.71,2
135.9,how-to-block,how to delete browsing history safari,49500,32,0.71,2
135.7,catholic,when lent over,27100,20,2.93,4
135.6,prayers,christian rosary prayer,60500,32,0.63,2
135.4,blocker-tools,spaghettoni pomodoro,12100,8,0.12,1
135.0,bible-verses,bible verse about thanksgiving day,18100,2,0.87,2
135.0,bible-verses,bible verses for thanksgiving holiday,18100,2,0.87,1
135.0,blocker-tools,spaghetti pomodoro,12100,8,0.04,1
134.8,how-to-block,how to turn off smoke detector alarm,18100,6,0.14,1
134.2,how-to-other,how to i block someone on facebook,27100,12,0.0,1
133.9,how-to-other,how to turn dnd off,27100,14,0.84,1
133.8,how-to-other,how to use rosary,74000,33,0.89,4
133.7,audiences,christian counselling marriage,9900,5,11.01,4
133.4,how-to-block,how to quit netflix,22200,17,2.31,1
132.8,prayers,seven sorrows chaplet,18100,4,1.28,3
132.8,catholic,lent spanish,8100,4,17.55,2
132.7,parental,app parental control,40500,44,6.78,18
132.7,parental,parental control application,40500,44,6.78,2
132.5,bible-verses,bible verses about pray,18100,4,1.24,2
132.5,bible-verses,bible verses on pray,18100,4,1.24,5
132.2,how-to-block,how to block unknown numbers from iphone,18100,10,1.37,1
132.2,how-to-block,how to block unknown numbers on iphone,18100,10,1.37,2
132.1,adult-blocking,accountable2you,12100,15,0.93,4
131.9,prayers,s t jude novena,18100,12,4.86,1
131.9,blocker-tools,pasta pomodoro,14800,16,0.57,2
131.5,how-to-block,how to turn off private browsing mode on iphone,22200,15,0.97,1
130.9,how-to-block,how to quit ecig,22200,27,7.72,1
130.8,prayers,prayer for bedtime,27100,14,0.28,2
130.6,other,nose bleeding how to stop,40500,24,0.17,2
130.6,bible-verses,scriptures for thankfulness,22200,13,2.28,1
130.6,audiences,easy peasy all in one homeschool curriculum,22200,9,0.47,2
130.6,bible-verses,bible verses on giving thanks,18100,4,0.87,1
130.5,prayers,prayer for saint jude,27100,14,0.22,2
130.5,how-to-block,how to stop eyelid twitching,18100,8,0.18,1
130.5,how-to-block,how to stop an eyelid from twitching,18100,8,0.18,1
130.3,other,verses in the bible about protection,18100,4,0.82,1
130.3,other,verses in the bible for protection,18100,4,0.82,1
130.3,bible-verses,bible verses on protection,18100,4,0.82,2
130.3,bible-verses,bible verse about protection,18100,4,0.82,1
130.3,bible-verses,bible verse about protecting,18100,4,0.82,1
130.2,prayers,prayers for anxiousness,18100,10,3.49,1
129.8,how-to-block,how to reduce size of a pdf,22200,20,3.17,1
129.8,how-to-block,how to block unknown callers on iphone,18100,11,1.37,1
129.5,how-to-block,how to turn off ai on google,27100,23,2.08,2
129.3,how-to-block,how to block a person on facebook,27100,19,0.0,1
129.3,bible-verses,bible verses on salvation,14800,1,1.92,3
129.0,how-to-other,how to turn the pop up blocker off,27100,17,1.34,1
128.4,platform,mac how to delete apps,33100,21,0.69,1
128.4,prayers,prayer for bed,27100,15,0.28,2
128.4,prayers,prayer before bedtime,27100,15,0.28,2
128.3,audiences,homeschool texas,9900,9,23.71,4
128.2,bible-verses,scripture about thankfulness,22200,14,2.28,1
127.9,other,epistaxis how to stop,40500,25,0.17,1
127.9,other,bloody nose how to stop,40500,25,0.17,1
127.9,bible-verses,bible quotes about healing and strength,14800,1,1.64,2
127.5,how-to-block,how to block unknown calls iphone,18100,12,1.37,2
127.3,prayers,prayers for families,14800,5,3.27,2
127.2,how-to-block,how to reduce pdf document file size,22200,21,3.17,3
126.9,prayers,st michael archangel chaplet,22200,11,0.63,4
126.5,prayers,healing prayers for strength,18100,7,1.34,3
126.3,other,verse in the bible about thanksgiving,18100,6,0.87,2
126.3,bible-verses,bible verses on thanksgiving,18100,6,0.87,3
126.3,bible-verses,bible verse about thanksgiving,18100,6,0.87,1
126.3,other,verses in the bible on thanksgiving,18100,6,0.87,1
126.3,bible-verses,bible passages about thanksgiving,18100,6,0.87,1
126.2,how-to-block,how to turn off iphone passcode,14800,4,0.16,3
125.9,catholic,examination of conscience,27100,19,0.49,6
125.5,bible-verses,bible quotes about strength in hard times,14800,6,3.34,1
125.4,prayers,divine mercy prayer chaplet,49500,32,1.07,15
125.2,prayers,prayer to family,14800,6,3.27,4
125.1,bible-verses,scripture about salvation,14800,3,1.92,1
124.9,how-to-other,how to pray prayer,18100,23,9.86,2
124.5,prayers,prayer to saint francis,22200,11,0.16,2
124.5,prayers,divine mercy novena,14800,4,2.22,6
124.4,how-to-other,how to lead the rosary,74000,36,0.89,1
124.4,bible-verses,bible quotes about easter,8100,5,12.48,1
124.2,bible-verses,bible quotes about loving god,12100,1,3.54,1
123.9,other,passages about faith in the bible,27100,24,4.03,1
123.4,prayers,st.joseph novena,9900,7,9.44,6
123.4,prayers,st joseph's novena,9900,7,9.44,1
122.7,prayers,prayer for contrition,33100,22,0.08,1
122.5,prayers,archangel michael chaplet,22200,13,0.65,1
122.4,prayers,st michael the archangel chaplet prayer,22200,13,0.63,1
122.4,prayers,saint michael's chaplet,22200,13,0.63,1
122.4,prayers,saint michael chaplet,22200,13,0.63,3
122.2,prayers,song prayer to st francis,22200,12,0.16,1
122.0,blocker-tools,linguine pomodoro,14800,20,0.57,1
121.9,other,inspirational quotes about bible,12100,7,5.86,2
121.5,prayers,prayers for sinners,18100,8,0.76,1
121.2,how-to-block,how to stop kidney stones,33100,28,0.59,1
121.2,parental,how to turn off parental control on iphone,5400,2,7.44,1
121.1,prayers,prayer for daily,40500,29,0.99,6
121.0,bible-verses,scripture about peace,40500,31,2.12,1
121.0,how-to-block,how to delete account gmail,33100,28,0.55,5
121.0,how-to-block,how to reduce 10 pounds in a month,18100,22,5.2,1
120.6,how-to-block,how to stop unknown calls iphone,18100,15,1.37,2
120.5,bible-verses,bible scripture about perseverance,14800,5,1.8,1
120.5,prayers,prayer before food,14800,1,0.15,2
120.5,prayers,prayer before eating meal,14800,1,0.15,3
120.4,prayers,prayer for our father who art in heaven,201000,36,0.1,1
120.1,audiences,homeschool hubs,14800,23,13.79,1
120.1,audiences,homeschool hub,14800,23,13.79,1
119.8,how-to-block,how to delete web browser cache,49500,38,1.25,1
119.3,how-to-block,how to quit spotify premium,27100,29,3.35,1
119.3,bible-verses,bible verse about jesus wept,14800,7,2.44,1
119.2,how-to-block,how to turn off read receipts,14800,7,0.0,1
118.9,how-to-block,how to stop restless legs immediately,22200,20,0.88,1
118.9,how-to-block,how to stop restless leg immediately,22200,20,0.88,1
118.8,how-to-block,how to stop subscription,22200,36,11.54,3
118.3,how-to-block,how to reduce 10 pounds in a week,14800,18,5.15,1
117.9,bible-verses,bible scriptures for hope,18100,14,2.77,1
117.7,catholic,catholic bible,74000,40,0.86,29
117.6,bible-verses,scripture about deborah,14800,5,1.19,1
117.5,prayers,catholic prayer,40500,30,0.8,15
116.8,blocker-tools,pazzo pomodoro,8100,7,0.99,1
116.7,bible-verses,bible scripture about thanksgiving,14800,6,1.42,1
116.7,bible-verses,scripture about thanksgiving,14800,6,1.42,1
116.7,bible-verses,bible scriptures for thanksgiving,14800,6,1.42,1
116.7,bible-verses,scriptures for thanksgiving,14800,6,1.42,1
116.4,prayers,novena surrender,27100,24,2.32,4
116.4,prayers,surrendering novena,27100,24,2.32,1
116.1,how-to-block,how to block calls from unknown numbers iphone,18100,17,1.37,1
115.9,prayers,divine chaplet song,14800,3,0.0,2
115.9,prayers,divine mercy chaplet song,14800,3,0.0,8
115.7,verse-display,king james version bible verse of the day,27100,34,4.51,2
115.7,bible-verses,scripture about gifts of the spirit,9900,5,6.29,1
115.6,prayers,prayer to st francis,22200,15,0.16,2
115.5,other,study tools for bible,60500,41,2.32,3
115.5,bible-verses,bible quotes about protection,18100,11,0.82,1
115.5,how-to-block,how to stop a toothache pain fast,14800,14,2.37,1
115.2,prayers,how is the rosary prayed,74000,39,0.89,1
115.2,blocker-tools,pomodoro method,22200,40,6.01,2
115.2,prayers,prayer to saint padre pio,14800,4,0.27,1
115.2,audiences,online homeschool course,14800,25,18.68,3
115.2,audiences,online schools homeschool,14800,25,18.68,3
115.2,how-to-block,how to quit watching ponography,9900,8,4.86,1
115.1,how-to-block,how to reduce cough at night,12100,4,0.37,1
114.7,prayers,pray how to,18100,27,9.86,1
114.7,how-to-other,how to pray,18100,27,9.86,1
114.7,how-to-other,how to turn passcode off iphone,14800,4,0.16,2
114.7,bible-verses,scriptures for love,12100,2,1.84,1
114.6,prayers,lay me down to sleep prayer,18100,10,0.19,2
114.6,how-to-block,how to reduce cortisol level,18100,17,1.03,3
114.5,parental,bark app,14800,23,2.39,11
114.4,bible-verses,bible scriptures for graduation,14800,5,0.49,1
114.3,prayers,roman catholic morning prayer,22200,18,1.29,1
114.3,catholic,lent meaning,22200,33,9.28,4
114.1,how-to-block,how to stop the itching from mosquito bites,14800,10,0.22,1
114.1,other,quotes about easter in the bible,8100,10,12.48,1
114.0,how-to-block,how to stop dripping nose,27100,27,0.99,1
114.0,bible-verses,biblical verses about christmas,18100,16,2.88,1
114.0,how-to-other,how to turn read receipts off,14800,4,0.0,1
113.9,how-to-block,how to block anonymous calls iphone,18100,18,1.37,2
113.8,prayers,chaplet of divine mercy rosary,49500,36,1.07,2
113.3,verse-display,scripture verse of the day kjv,22200,37,9.23,1
113.2,prayers,bible how to pray verse,18100,13,1.24,1
113.1,addiction,how to stop addiction to ponography,18100,27,3.81,1
112.9,bible-verses,bible quotes about worrying,12100,2,1.45,1
112.8,bible-verses,scripture about death,14800,8,1.42,1
112.8,bible-verses,scriptures for death,14800,8,1.42,1
112.5,prayers,before i lay me down to sleep prayer,18100,11,0.19,1
112.5,competitors,cold turkey,12100,24,4.21,4
112.3,how-to-other,how to break fever,18100,12,0.59,2
112.2,how-to-other,how to turn do not disturb off,27100,23,0.84,1
112.2,competitors,hallow app,22200,35,2.66,15
112.2,prayers,pray divine chaplet,14800,6,0.44,1
111.7,bible-verses,biblical scriptures for marriage,12100,2,1.17,1
111.7,other,quotes from bible about family,12100,1,0.76,2
111.6,prayers,prayers to pray for healing,90500,40,0.76,1
111.4,catholic,what bible does catholic church use,12100,6,1.56,2
111.3,other,ice blocker app,27100,22,0.15,1
111.3,bible-verses,scripture about depression,14800,9,1.54,1
111.0,bible-verses,scripture about friends,12100,1,0.6,1
111.0,verse-display,bible verse of the day strength,9900,9,3.07,2
110.5,prayers,i pray the lord my soul to keep prayer,18100,12,0.19,1
109.8,other,verse in the bible about strength and healing,14800,10,1.64,1
109.7,how-to-block,how to reduce mb of pdf,22200,28,3.17,1
109.5,bible-verses,bible quotes about thanksgiving,18100,14,0.87,1
109.5,parental,how to add parental control on iphone,8100,11,3.07,1
109.4,bible-verses,bible passages about love,165000,43,2.35,1
109.3,how-to-block,how to turn off private browsing,27100,29,1.06,2
109.3,prayers,7 sorrows chaplet,18100,15,1.28,1
109.2,how-to-other,how to prayer the holy rosary,74000,41,0.89,1
109.2,how-to-other,how to pray a rosary,74000,41,0.89,20
109.2,prayers,how pray rosary,74000,41,0.89,15
109.2,how-to-other,how do we pray the rosary,74000,41,0.89,1
109.2,how-to-other,how to say a rosary,74000,41,0.89,1
109.2,bible-verses,bible verse about iron sharpens iron,18100,14,0.8,1
109.2,blocker-tools,productivity app,14800,37,8.23,7
109.2,other,life app study bible,14800,8,0.61,1
109.2,bible-verses,bible scriptures for friends,12100,2,0.6,1
109.2,blocker-tools,pomodoro rosso restaurant,5400,3,2.75,1
109.2,blocker-tools,pomodoro rosso nyc,5400,3,2.75,1
108.9,bible-verses,bible scripture about death,14800,10,1.42,1
108.9,audiences,christian marriage counselor near me,8100,4,7.01,2
108.8,how-to-block,how to reduce ldl cholesterol,49500,43,2.23,2
108.8,bible-study,bible study for ladies,12100,3,0.93,1
108.5,prayers,when is maghrib prayer today,6600,7,14.69,1
108.2,bible-verses,bible quotes about inspiration,12100,8,2.98,1
108.1,prayers,good night prayer,14800,8,0.36,4
107.5,prayers,prayer to heal a friend,12100,2,0.23,1
107.4,prayers,prayers for salvation,12100,5,1.43,1
107.4,blocker-tools,pomodoro rosso,5400,4,2.75,1
107.0,bible-verses,bible verses on prayer,18100,16,1.24,3
107.0,prayers,prayers for request,18100,26,6.91,5
106.9,prayers,nice morning prayer,18100,14,0.27,1
106.6,how-to-block,how to stop nose running,27100,30,0.99,1
106.4,other,passages in the bible about love,165000,44,2.35,2
106.3,prayers,time for subuh prayer,60500,43,1.59,1
106.3,audiences,christian dior bags for women,12100,4,0.76,1
106.2,adult-blocking,truple,5400,4,0.68,3
106.1,how-to-other,how to force quit applications in mac,18100,14,0.1,3
105.9,bible-verses,bible verse about strength and healing,14800,12,1.64,2
105.9,prayers,prayer to holy ghost,12100,3,0.25,2
105.9,audiences,christian dior shoes women,12100,4,0.67,3
105.5,bible-verses,bible verses on loving your neighbor,12100,4,0.57,1
105.2,bible-verses,bible verse about iron sharpening iron,18100,16,0.8,1
104.6,other,what does the christian bible say about suicide,14800,9,0.0,1
104.6,catholic,catholic bible which version,12100,9,1.28,1
104.4,devotionals,in touch ministries daily devotional,9900,20,16.32,1
104.2,how-to-other,how to forcefully quit application on mac,18100,15,0.1,1
104.1,bible-verses,scriptures for hope,12100,9,2.4,1
104.1,blocker-tools,pomodoro trattoria los angeles ca,5400,2,1.08,1
104.1,blocker-tools,pomodoro trattoria,5400,2,1.08,1
104.1,blocker-tools,pomodoro trattoria los angeles,5400,2,1.08,1
103.9,bible-verses,bible passages about friendship,12100,5,0.6,1
103.9,catholic,what bible do catholic churches use,12100,10,1.56,1
103.9,bible-verses,scriptures for wisdom,9900,1,1.48,1
103.8,blocker-tools,pomodoro cafe,5400,10,4.66,1
103.6,bible-verses,what does scripture say about tattoos,18100,17,0.91,2
103.6,other,what does the holy bible say about tattoos,18100,17,0.91,1
103.6,bible-verses,what does the bible say about tattoos,18100,17,0.91,2
103.6,other,what does the the bible say about tattoos,18100,17,0.91,3
103.6,how-to-other,how to remove page break word,12100,4,0.12,5
103.3,bible-verses,what does the bible say about abortion,9900,5,3.05,2
103.2,bible-verses,bible verses on healing prayer,9900,1,1.3,1
103.0,blocker-tools,chrome site blocker extension,8100,16,1.94,7
102.9,parental,parental control roblox,18100,32,2.17,3
102.9,catholic,lent 2026 dates,9900,1,0.03,1
102.8,parental,bark parental control app,9900,18,2.21,3
102.3,prayers,novena,18100,20,2.08,4
102.1,other,app control parental,40500,44,6.78,4
102.1,bible-verses,scriptures for friends,12100,6,0.6,1
102.0,bible-verses,bible quotes about being patient,14800,13,1.15,1
102.0,blocker-tools,pomodoro café,5400,11,4.66,1
101.7,how-to-block,how to reduce cortisol naturally,14800,17,0.58,1
101.3,bible-verses,scripture about holy spirit,9900,2,1.23,2
101.3,bible-verses,scriptures for holy spirit,9900,2,1.23,1
101.0,prayers,prayer to st michael's,22200,22,0.22,1
101.0,bible-verses,bible passages about marriage,12100,8,1.17,1
101.0,blocker-tools,site blocker for chrome,8100,20,3.49,5
100.8,audiences,study bible for women,9900,1,0.72,2
100.8,other,study bible for woman,9900,1,0.72,1
100.6,prayers,healing prayers for friend,12100,6,0.23,10
100.5,how-to-other,how to pray a rosary catholic,74000,44,0.89,6
100.3,catholic,what bible roman catholic use,12100,12,1.56,4
100.2,other,reading the bible in a year plan,22200,27,2.71,6
99.7,audiences,women christian louboutin shoes,12100,8,0.85,4
99.5,bible-verses,bible quotes about tattoos,9900,1,0.39,1
99.5,audiences,christian counseling marriage,9900,21,11.01,12
99.4,verse-display,verse of the day about strength,9900,22,7.04,1
99.4,verse-display,verse of the day strength,9900,22,7.04,1
99.3,bible-verses,scriptures for thanksgiving day,14800,15,1.42,1
99.1,how-to-block,how to block no,22200,29,1.1,2
99.0,audiences,what does it say in the bible about marriage,9900,7,2.83,1
98.9,other,ldl cholesterol how to reduce,49500,43,2.23,1
98.4,prayers,prayer to st raphael archangel,9900,1,0.12,2
98.3,bible-verses,bible verses on healing and strength,14800,16,1.64,4
98.3,how-to-block,how to reduce coughing at night,12100,13,0.37,1
98.2,prayers,prayer when sick,12100,9,0.92,1
98.1,other,what does god say about divorce in the bible,12100,12,2.27,1
97.8,how-to-block,how to reduce pdf file size,22200,33,3.17,15
97.7,platform,add on blocker chrome,27100,33,3.04,1
97.4,catholic,catholic translation bible,12100,13,1.28,8
97.4,prayers,good evening prayer,9900,2,0.26,2
97.3,bible-verses,scripture about iron sharpens iron,18100,20,0.8,1
97.0,prayers,night time prayer catholic,9900,3,0.56,2
97.0,devotionals,daily bible devotional for men,9900,9,3.21,1
97.0,devotionals,men's devotional daily,9900,9,3.21,2
97.0,prayers,prayer for tonight catholic,9900,3,0.56,1
96.9,how-to-block,how to block numbers,22200,30,1.1,1
96.9,how-to-other,how to break up someone,12100,8,0.17,3
96.4,bible-verses,scripture about fasting,9900,4,0.81,1
96.4,bible-verses,scriptures for fasting,9900,4,0.81,1
96.4,bible-verses,scripture about love,8100,2,2.56,1
96.3,bible-verses,bible verses on tattoos,9900,3,0.39,1
96.3,audiences,mormon church leaders,4400,2,12.07,3
96.1,parental,how to put parental control on iphone,8100,18,3.07,3
95.9,how-to-block,how to stop hulu subscription,18100,29,2.91,1
95.9,audiences,christian dior bag for women,12100,10,0.76,1
95.8,prayers,prayer when fasting,8100,6,4.2,1
95.8,prayers,gratitude prayer to god,6600,6,7.24,1
95.7,how-to-block,how to reduce cholesterol naturally,27100,34,0.67,3
95.6,bible-verses,what does the bible say about suicide,14800,14,0.0,1
95.6,other,what does the holy bible say about suicide,14800,14,0.0,1
95.4,prayers,night catholic prayer,9900,4,0.56,9
95.4,prayers,prayer at night catholic,9900,4,0.56,2
95.4,prayers,nightly catholic prayer,9900,4,0.56,1
95.3,how-to-block,how to stop cortisol,18100,26,1.03,1
95.2,other,study guide for bible,27100,31,1.13,4
95.2,bible-study,study guide for bible study,27100,31,1.13,1
95.2,how-to-block,how to reduce blood pressure high,18100,27,1.55,3
95.2,prayers,good night time prayer,14800,15,0.36,2
95.1,bible-verses,bible quotes about loving your neighbor,12100,10,0.57,1
95.0,devotionals,daily devotional jesus calling,22200,26,0.78,4
95.0,devotionals,jesus calling daily devotional book,22200,26,0.78,1
94.7,how-to-block,how to reduce elevated blood pressure,18100,27,1.4,1
94.5,how-to-other,how to break high fever,18100,21,0.59,2
94.4,prayers,prayer to st joseph,12100,10,0.38,1
94.3,how-to-other,how to get over w break up,9900,6,1.11,1
94.2,prayers,short prayer for today,6600,10,8.95,1
94.1,parental,aura parental control app,3600,9,9.68,1
94.0,bible-verses,bible scripture about patience,8100,3,2.31,1
93.8,devotionals,daily devotional by joyce meyer,12100,25,8.43,2
93.8,devotionals,daily devotional from joyce meyer,12100,25,8.43,1
93.8,how-to-block,how to turn off browser pop up blocker on chrome,9900,11,0.79,1
93.8,prayers,novena mother perpetual help,5400,1,7.13,7
93.8,prayers,our lady of perpetual help prayer novena,5400,1,7.13,1
93.7,bible-verses,what does scripture say about love,8100,2,1.82,2
93.6,catholic,catholic study bible ignatius,12100,15,1.23,3
93.6,competitors,cold turkey blocker,4400,7,4.16,1
93.5,competitors,opal app,6600,18,4.1,6
93.5,competitors,opal mobile app,6600,18,4.1,1
93.3,bible-verses,scripture about hope,12100,15,2.4,1
93.3,devotionals,joyce meyer daily devotional today,5400,6,9.65,3
93.1,prayers,prayers for sick,12100,12,0.92,3
93.1,prayers,prayers for sickness,12100,12,0.92,1
93.1,prayers,prayers to pray for the sick,12100,12,0.92,1
93.0,blocker-tools,chrome website blocker,8100,24,3.49,4
92.9,bible-verses,what does the bible say about forgiveness,8100,6,3.35,1
92.9,bible-verses,bible quotes about love and strength,6600,5,5.8,2
92.7,bible-verses,what does the bible say about drinking liquor,8100,1,1.12,1
92.7,bible-verses,what does the bible say about consuming alcohol,8100,1,1.12,1
92.7,other,what does it say in the bible about drinking alcohol,8100,1,1.12,1
92.7,bible-verses,what does the bible say about drinking alcohol,8100,1,1.12,2
92.5,prayers,morning prayer today,22200,29,1.76,7
92.5,prayers,catholic our father prayer,9900,5,0.22,6
92.0,bible-verses,bible quotes about passing away,14800,19,1.42,1
91.9,bible-verses,scripture about fear,8100,3,1.74,1
91.7,platform,advertisement blocker chrome,27100,35,2.63,1
91.7,bible-verses,bible quotes about couples,8100,1,0.86,1
91.6,prayers,good night christian prayer,14800,17,0.36,3
91.6,bible-verses,bible passages about tattoos,9900,6,0.39,1
91.5,audiences,abeka homeschool books,9900,12,3.08,1
91.5,bible-verses,bible scripture about forgiving others,6600,1,3.48,1
91.5,blocker-tools,il pomodoro,4400,4,1.23,1
91.3,prayers,divine mercy chaplet youtube,12100,11,0.0,7
91.3,prayers,divine chaplet youtube,12100,11,0.0,1
91.3,bible-verses,what does the bible say about sex,4400,1,9.56,1
91.3,bible-verses,what does the bible say about sexual intercourse,4400,1,9.56,1
91.2,other,free std screen,33100,43,5.56,1
91.2,prayers,what are the prayer times for today,22200,40,9.26,1
91.2,bible-verses,what does the bible say about alcohol,8100,2,1.12,1
91.2,bible-verses,what does the bible say about alcohol consumption,8100,2,1.12,1
91.1,bible-verses,what does scripture say about divorce,12100,16,2.27,1
91.1,other,what does the holy bible say about divorce,12100,16,2.27,1
91.1,bible-verses,what does the bible say about divorce,12100,16,2.27,1
91.1,how-to-other,how to get over break up,9900,8,1.11,3
91.1,how-to-other,how to get over from break up,9900,8,1.11,2
91.1,other,break up how to get over,9900,8,1.11,1
91.0,audiences,christian dior women perfume,12100,14,1.28,3
91.0,blocker-tools,site blocker iphone,5400,13,2.52,3
90.8,audiences,math programs for homeschool,27100,37,3.72,1
90.8,prayers,our mother of perpetual help novena,5400,3,7.13,3
90.7,verse-display,kjv verse of the day,14800,33,5.52,2
90.7,how-to-other,how to break puppy from biting,9900,9,1.43,1
90.5,how-to-other,how to pray god,6600,6,5.52,9
90.5,how-to-other,how do we pray to god,6600,6,5.52,2
90.5,prayers,how pray to god,6600,6,5.52,2
90.5,verse-display,random verse of the day,5400,19,53.72,1
90.4,competitors,cold turkey block,4400,9,4.16,1
90.3,blocker-tools,pomodoro pasta recipes,5400,8,0.07,3
90.2,prayers,prayer journal,9900,8,0.86,9
90.1,audiences,monarch homeschool,8100,7,2.99,2
90.0,bible-verses,verses on fasting in the bible,9900,8,0.81,1
89.8,other,what does it say about forgiveness in the bible,8100,8,3.35,1
89.7,bible-verses,what does the bible say about drinking,8100,3,1.12,1
89.5,prayers,read the rosary,40500,41,0.83,1
89.5,how-to-block,how to reduce your ldl,33100,43,2.37,1
89.3,prayers,prayer to thank god,6600,10,7.24,4
89.3,audiences,kindergarten homeschool programs,6600,8,6.14,1
89.1,prayers,bible prayers for healing and strength,14800,21,1.64,1
89.1,prayers,roman catholic night prayer,9900,8,0.56,1
89.1,other,pastors daughters,8100,3,0.95,1
88.9,how-to-other,how to pdf file reduce size,22200,33,3.17,2
88.8,prayers,catholic prayer deceased,8100,7,2.59,4
88.7,bible-verses,bible verses for today kjv,22200,41,9.23,1
88.7,prayers,prayer catholic morning,22200,30,1.29,16
88.7,parental,how to set parental control on iphone,8100,22,3.07,1
88.6,audiences,homeschool picker,8100,1,0.0,2
88.5,catholic,roman catholic devotion,12100,18,1.27,1
88.4,how-to-block,how to reduce fever,12100,20,1.06,3
88.3,bible-verses,bible scriptures for a funeral,9900,9,0.76,2
88.0,bible-verses,scriptures for heartbreak,8100,4,1.06,1
88.0,bible-verses,bible quotes about broken heart,8100,4,1.06,2
87.9,blocker-tools,how block websites,6600,21,3.05,13
87.8,prayers,prayers for saint joseph,12100,14,0.38,1
87.8,prayers,monday morning prayer,6600,1,2.37,5
87.7,adult-blocking,internet accountability software,2400,8,8.73,4
87.6,prayers,nighttime prayer catholic,9900,9,0.56,2
87.5,how-to-other,how to break puppy of biting,9900,11,1.43,1
87.5,catholic,what version of the bible do catholic churches use,6600,1,1.03,1
87.5,catholic,what bible version do roman catholic use,6600,1,1.03,1
87.3,catholic,things to sacrifice for lent,8100,5,0.07,1
87.2,prayers,short powerful morning prayer,8100,11,4.02,1
87.1,bible-verses,what does the bible say about gambling,8100,2,0.0,1
87.0,prayers,prayer catholic church,40500,42,0.8,8
87.0,how-to-other,how to naturally reduce cholesterol,27100,34,0.67,1
86.9,blocker-tools,pomodoro restaurant durham,5400,12,0.88,1
86.9,blocker-tools,pomodoro italian kitchen durham,5400,12,0.88,1
86.9,blocker-tools,pomodoro italian kitchen,5400,12,0.88,1
86.9,bible-verses,what does the bible say about intercourse,4400,4,9.56,1
86.8,bible-verses,scripture about confidence,6600,2,2.49,1
86.7,how-to-block,how to reduce cholesterol in 7 days,27100,40,2.02,1
86.7,other,cortisol how to reduce,18100,26,1.03,1
86.7,prayers,short prayer for healing and recovery for someone,9900,11,1.21,1
86.7,prayers,morning prayer friday,5400,2,5.24,5
86.6,how-to-block,how to reduce fever temperature,12100,21,1.06,1
86.6,bible-verses,bible scriptures for inspiration,9900,14,2.58,1
86.5,how-to-block,how to reduce diastolic blood pressure,14800,27,1.68,2
86.4,blocker-tools,how to block websites on phone,4400,12,3.4,4
86.3,bible-verses,scripture about marriage and love,8100,5,0.98,2
86.3,audiences,quotes from the bible about love and marriage,8100,5,0.98,1
86.3,bible-verses,bible passages about love and marriage,8100,5,0.98,1
86.3,parental,parental control computer software,6600,21,4.61,1
86.2,prayers,prayer for thanks to the lord,6600,12,7.24,1
86.2,competitors,cold turkey meaning,6600,14,0.0,1
86.1,blocker-tools,digital wellbeing,9900,29,1.65,7
86.1,parental,qustodio parental control app,8100,32,8.73,1
85.8,catholic,give up something for lent,8100,6,0.07,1
85.7,bible-verses,bible passages about forgiving others,6600,5,3.48,1
85.7,bible-verses,bible passages about the birth of jesus,3600,3,12.09,2
85.6,platform,block chrome websites,8100,11,3.49,1
85.6,how-to-other,how to calculate limit,4400,9,18.68,2
85.5,how-to-block,how to reduce swollen feet,12100,21,0.72,1
85.3,how-to-other,how to turn pop up blocker off chrome,9900,11,0.79,4
85.0,how-to-block,how to stop bloody noses,14800,25,0.16,1
84.9,how-to-block,how to delete google accounts,33100,44,1.75,2
84.7,other,quotes in bible about family,6600,1,1.43,1
84.3,how-to-block,how to reduce triglycerides,9900,19,1.9,1
84.1,catholic,lent fasting,8100,7,0.0,4
84.0,prayers,prayer good morning,18100,26,0.27,6
84.0,prayers,good morning christian prayer,18100,26,0.27,2
84.0,devotionals,joel osteen daily devotional,12100,22,3.28,4
84.0,devotionals,daily devotional by joel osteen,12100,22,3.28,1
84.0,devotionals,joel osteen ministries daily devotional,12100,22,3.28,1
84.0,devotionals,pastor joel osteen daily devotional,12100,22,3.28,1
83.9,how-to-block,how to block a contact,22200,36,1.1,1
83.8,prayers,saint joseph novena,9900,27,9.44,2
83.8,how-to-other,how to undo pop up blocker on chrome,9900,12,0.79,1
83.6,how-to-block,how to quit ipad apps,8100,10,0.0,2
83.5,verse-display,verse of the day inspirational,9900,35,10.89,2
83.5,verse-display,inspiration verse of the day,9900,35,10.89,1
83.5,verse-display,inspiring verse of the day,9900,35,10.89,2
83.4,catholic,devotion catholic,12100,21,1.27,5
83.4,verse-display,cute christian wallpaper,5400,1,0.06,2
83.3,devotionals,daily devotional by max lucado,6600,5,2.71,1
83.2,prayers,islamic how to pray,5400,14,10.57,1
82.9,how-to-block,how to stop hiccups in newborns,14800,26,0.08,1
82.6,bible-verses,what does the bible say about marriage,9900,17,2.83,1
82.6,audiences,what does the holy bible say about marriage,9900,17,2.83,1
82.6,bible-verses,don t worry about tomorrow scripture,8100,21,8.11,2
82.6,catholic,can you eat chicken during lent,6600,2,0.0,1
82.3,bible-verses,scripture about marriage,6600,2,1.11,1
82.2,bible-verses,bible quotes about good friends,6600,1,0.68,1
82.1,bible-verses,bible scripture about faith,6600,10,4.7,1
82.0,how-to-block,how to reduce swelling feet,12100,23,0.72,4
82.0,how-to-block,how to reduce swell in feet,12100,23,0.72,1
82.0,bible-verses,bible scripture about love and marriage,8100,8,0.98,1
82.0,bible-verses,bible quotes about strength,6600,5,2.3,1
81.8,bible-verses,bible quotes about death of loved ones,6600,2,0.95,1
81.7,how-to-block,how to reduce inflammation.in the body,14800,29,1.34,4
81.7,how-to-block,how to reduce inflammation inside the body,14800,29,1.34,1
81.7,blocker-tools,how to block websites on mobile,4400,15,3.4,1
81.6,bible-verses,bible scriptures for fear,8100,10,1.74,1
81.5,how-to-block,how to reduce the belly fat fast,27100,43,2.56,1
81.5,prayers,praying divine mercy chaplet,14800,23,0.44,1
81.5,how-to-other,how to determine infinite limit,8100,6,0.0,3
81.2,platform,remove pop up blocker from chrome,8100,8,0.74,1
81.1,bible-verses,bible verses for gratefulness,14800,26,1.9,1
81.1,bible-verses,bible verses on thankfulness and gratitude,14800,26,1.9,1
80.9,how-to-block,how to quit planet fitness,8100,17,2.41,1
80.9,devotionals,today's daily devotional joyce meyer,5400,14,9.65,1
80.6,bible-verses,scripture about healing kjv,6600,5,1.86,1
80.4,bible-verses,bible quotes about loved ones dying,6600,3,0.95,1
80.2,bible-verses,bible quotes about lying,6600,1,0.09,1
80.1,catholic,catholic bible version,12100,23,1.28,14
80.1,prayers,prayer when travelling,6600,1,0.05,1
80.1,prayers,prayer when traveling,6600,1,0.05,1
80.0,how-to-other,how to pray to god christian,6600,13,5.52,1
79.8,platform,deactivate pop up blocker chrome,8100,9,0.74,1
79.8,audiences,preschool program homeschool,6600,9,3.42,1
79.6,prayers,st therese novena,6600,3,0.69,4
79.5,bible-verses,bible passages about trusting god,14800,27,1.95,1
79.5,prayers,international house of prayer app,6600,4,1.07,1
79.4,prayers,prayer before operation,8100,8,0.19,2
79.4,bible-verses,scripture about worrying,6600,4,1.05,1
79.3,bible-verses,scripture about protection,6600,3,0.59,1
79.1,bible-verses,marriage bible quotes about love,8100,10,0.98,3
79.1,how-to-other,how to break in a baseball mitt,6600,2,0.14,1
78.9,prayers,my father prayer catholic,9900,14,0.22,1
78.8,how-to-other,how to fever reduce,12100,21,1.06,1
78.8,bible-verses,scriptures for good friday,8100,8,0.0,1
78.7,bible-verses,bible scriptures for spiritual warfare,8100,10,0.85,1
78.6,how-to-other,how to naturally reduce cortisol,14800,25,0.58,1
78.4,other,creatinine level how to reduce,12100,21,0.94,1
78.4,catholic,catholic study bible,8100,13,0.89,4
78.3,bible-verses,what does the bible say about homosexually,22200,35,1.13,1
78.3,other,what does the christian bible say about homosexuality,22200,35,1.13,1
78.3,bible-verses,what does the bible say about homosexuality,22200,35,1.13,1
78.2,bible-verses,scriptures for palm sunday,9900,14,0.0,1
78.1,prayers,prayers for the bible,12100,21,0.84,1
78.1,parental,iphone parental control,9900,34,4.17,46
78.1,audiences,marriage christian counseling near me,8100,22,7.01,2
78.1,adult-blocking,accountability partner,1900,8,8.76,8
78.0,other,app productivity,14800,37,8.23,5
78.0,bible-verses,scriptures for lovers,12100,23,1.84,1
78.0,other,what does bible say about the antichrist,5400,1,1.89,1
78.0,bible-verses,what does the bible say about antichrist,5400,1,1.89,2
77.9,catholic,what bible version does the catholic church use,6600,8,1.03,2
77.8,prayers,prayer to the dead,8100,10,0.56,1
77.8,other,spiritual discipline,5400,7,4.52,5
77.5,catholic,catholic bible how many books,9900,17,0.0,19
77.5,how-to-other,how to make tomato concentrate,9900,15,0.26,1
77.4,catholic,catholic lent,6600,10,1.76,10
77.3,prayers,prayer before meal time,14800,25,0.15,1
77.2,verse-display,free screen wallpaper computer,9900,29,4.0,2
77.0,platform,pop up blocker disable chrome,8100,11,0.74,8
76.8,bible-verses,bible passages about the bible,22200,43,6.42,1
76.6,devotionals,upper room devotional for today,12100,32,6.98,2
76.5,bible-verses,bible quotes about death of loved one,6600,6,0.95,1
76.3,audiences,christian shirt men,9900,19,1.79,6
76.3,prayers,islamic prayer how to pray,5400,8,4.47,1
76.2,catholic,examination of conscience catholic,9900,19,0.51,2
76.2,catholic,roman catholic examination of conscience,9900,19,0.51,1
76.0,how-to-block,how to turn off pop up blocker chrome,9900,22,0.79,5
76.0,how-to-block,how to disable pop up blocker in chrome browser,9900,22,0.79,1
75.8,devotionals,david jeremiah turning point daily devotional,8100,11,0.35,1
75.8,bible-verses,scripture about divorce,6600,7,1.15,1
75.8,adult-blocking,accountability software,2400,16,8.73,5
75.7,prayers,saint therese novena,6600,6,0.69,1
75.7,other,pastors definition,4400,5,5.74,1
75.2,bible-verses,bible verse quotes about strength,6600,10,2.3,1
75.0,devotionals,daily devotional max lucado,6600,11,2.71,2
75.0,devotionals,women's daily devotional,5400,4,2.14,2
74.9,bible-verses,bible scripture about the rapture,6600,7,0.85,1
74.7,bible-verses,biblical scripture about love,12100,25,1.84,1
74.7,audiences,what does god say about marriage in the bible,9900,22,2.83,1
74.7,other,what does it say in the bible about love,8100,15,1.82,1
74.5,catholic,lent season,8100,14,0.09,1
74.5,addiction,bible passages about addiction,5400,13,1.34,1
74.5,how-to-other,how to pray islamic prayer,5400,6,2.86,1
74.4,platform,ad blocker chrome ext,12100,26,2.28,1
74.4,how-to-block,how to disable pop up blocker chrome,9900,23,0.79,11
74.4,audiences,women christian conference,2900,5,28.03,3
74.3,prayers,prayer to heal sickness,6600,7,0.66,1
74.2,audiences,online homeschool class,14800,43,26.98,1
74.2,catholic,lent rules,8100,14,0.0,3
74.0,bible-verses,scripture quotes about family,6600,9,1.43,1
74.0,platform,mac how to force quit,6600,6,0.12,1
73.9,addiction,dopamine detox,18100,41,1.57,10
73.8,audiences,lds church leaders,4400,17,12.07,4
73.7,how-to-block,how to reduce diastolic pressure,14800,34,1.68,1
73.6,catholic,saint michael's lent,5400,3,0.03,1
73.4,other,capital one how to increase credit limit,3600,12,13.57,1
73.2,bible-study,yearly reading plan bible,12100,27,2.43,2
73.2,other,bible reading yearly plan,12100,27,2.43,1
72.9,how-to-other,how to break with someone,12100,23,0.17,1
72.8,bible-verses,bible passages about forgiveness,4400,6,5.09,1
72.6,bible-verses,bible passages about joy,8100,15,1.12,1
72.5,audiences,christian clothes men,6600,12,2.27,2
72.3,bible-verses,what does the bible say about tithing,5400,4,1.19,1
72.3,other,pastors of megachurches,5400,1,0.0,1
72.3,other,cash app borrow limit,2400,1,21.73,1
72.3,other,cash app borrowing limit,2400,1,21.73,1
72.2,blocker-tools,pomodoro technique for adhd,3600,9,0.0,1
71.9,catholic,catholic bible edition,12100,28,1.28,2
71.9,prayers,a prayer before dawn film,8100,14,0.39,1
71.9,prayers,anglican chaplet,5400,3,0.66,1
71.8,other,websites to block,5400,8,2.78,1
71.6,prayers,powerful night prayer,8100,15,0.75,1
71.6,other,how long does it take to quit a habit,5400,3,0.56,1
71.6,other,how long does.it take to break a habit,5400,3,0.56,2
71.5,prayers,prayer to sleep,8100,18,2.18,1
71.5,how-to-other,how to force quit,5400,2,0.11,2
71.5,bible-verses,what does the bible say about a woman preacher,4400,2,2.71,1
71.4,how-to-other,how to pray istikhara,3600,3,6.0,1
70.7,bible-study,365 day bible reading plan pdf free,3600,14,14.08,3
70.5,how-to-other,how do i disable pop up blocker chrome,9900,21,0.79,2
70.5,competitors,freedom wifi app,2400,4,3.3,1
70.4,addiction,doomscrolling meaning,9900,29,0.49,2
69.9,other,quotes in bible about strength,6600,14,2.3,5
69.9,catholic,lent fasting ash wednesday,5400,6,0.0,1
69.9,adult-blocking,apps that block porn,2400,18,7.37,2
69.7,platform,add ad blocker chrome,14800,35,3.38,1
69.7,bible-verses,bible scripture about marriage,12100,27,1.17,1
69.7,bible-verses,bible scriptures for marriage,12100,27,1.17,3
69.6,addiction,social media as an addiction,8100,41,14.25,1
69.3,audiences,homeschool abeka curriculum,9900,26,3.08,5
69.2,how-to-block,how to reduce sciatica pain,22200,43,0.91,1
69.2,how-to-block,how to reduce water weight,14800,36,1.34,1
69.2,bible-verses,what does the bible say about condemning others,4400,4,2.71,1
69.1,bible-verses,scripture about zacchaeus,6600,13,1.5,1
69.1,how-to-block,how to block the websites,6600,21,3.05,1
69.0,prayers,the mercy chaplet,6600,11,0.57,1
69.0,prayers,family morning prayer,5400,5,0.48,4
68.9,bible-verses,what does scripture say about forgiveness,8100,22,3.35,1
68.9,how-to-block,how to quit coughing,8100,21,0.37,1
68.8,other,megachurch pastors,5400,4,0.0,1
68.8,other,mega churches pastors,5400,4,0.0,1
68.6,bible-verses,what does the bible say about masterbation,14800,32,1.08,1
68.4,prayers,morning prayer youtube,3600,4,5.2,3
68.3,audiences,youth ministry game,5400,8,1.49,4
68.3,prayers,istikhara how to pray,4400,6,3.27,1
68.3,how-to-other,how to improve credit limit,3600,15,11.44,1
68.3,how-to-other,how to credit limit increase,3600,15,11.44,11
68.3,how-to-other,how to up your credit limit,3600,15,11.44,1
68.2,how-to-block,how to quit breastfeeding,9900,26,0.21,1
68.1,platform,screen time iphone,8100,22,3.02,6
68.0,prayers,morning tuesday prayer,5400,5,0.11,4
68.0,bible-verses,what does the bible say about women preachers,4400,5,2.71,1
67.9,bible-verses,what does the bible say about israelites,4400,1,0.97,1
67.9,how-to-other,how to pray istikhara namaz,3600,6,6.0,1
67.8,platform,chrome pop-up blocker,12100,31,2.79,6
67.8,platform,pop blocker chrome,12100,31,2.79,2
67.8,platform,popup blocker in chrome,12100,31,2.79,1
67.8,how-to-block,how to quit drinking liquor,8100,33,7.19,1
67.7,how-to-block,how to reduce the hypertension,18100,41,1.55,1
67.7,prayers,morning offering prayer,6600,11,0.09,2
67.7,bible-verses,what does the bible say about gossipers,4400,3,1.72,1
67.7,bible-verses,what does the bible say about gossiping,4400,3,1.72,1
67.6,bible-verses,verses on how to pray,5400,8,1.22,1
67.5,platform,ad blocker extensions chrome,14800,34,1.88,6
67.5,platform,chrome disable popup blocker,8100,18,0.74,2
67.4,blocker-tools,how to block websites in android phone,1900,3,3.85,1
67.3,how-to-block,how to reduce sciatic pain,22200,44,0.91,1
67.3,catholic,what bible translation does catholic church use,6600,16,1.03,2
67.3,bible-verses,what does the bible say about worrying,3600,3,4.27,1
67.3,bible-verses,bible passages about stewardship,3600,8,6.74,1
67.2,prayers,prayer novena,5400,18,6.16,5
67.2,prayers,praying novena,5400,18,6.16,2
67.1,catholic,lent fasting rules,5400,15,3.07,5
66.9,how-to-other,how to break pdf page,6600,16,2.12,2
66.7,how-to-block,how to reduce anxiety instantly,9900,32,3.1,1
66.7,how-to-block,how to reduce anxiety fast,9900,32,3.1,1
66.7,how-to-block,how to reduce anxiety immediately,9900,32,3.1,1
66.5,how-to-block,how to reduce bloating,18100,41,1.1,2
66.5,how-to-block,how to reduce bloat,18100,41,1.1,1
66.3,addiction,nomophobia,12100,35,0.0,2
66.3,bible-verses,bible passages about truth,4400,2,0.78,1
66.2,how-to-block,how to quit procrastinating,9900,30,1.69,1
66.2,how-to-block,how to quit procrastination,9900,30,1.69,1
66.2,prayers,powerful night time prayer,8100,19,0.75,1
66.2,prayers,powerful nighttime prayer,8100,19,0.75,1
66.2,platform,chrome avoid pop up blocker,8100,19,0.74,1
66.1,prayers,our father who art in heaven prayer catholic,9900,23,0.22,3
66.1,other,what does god say about forgiveness in the bible,8100,24,3.35,1
66.1,how-to-block,how to turn off focus on iphone,4400,6,0.0,1
65.8,audiences,christian marriage counselor,9900,39,11.01,10
65.8,catholic,fast for lent rules,5400,16,3.07,1
65.8,other,web camera filter,2900,12,14.21,1
65.7,bible-verses,what does the bible say about judging other people,4400,7,2.71,1
65.7,bible-verses,what does the bible say about judgement of others,4400,7,2.71,1
65.7,bible-verses,what does the bible say about women preaching,4400,7,2.71,1
65.7,bible-verses,what does the bible say about judging other,4400,7,2.71,2
65.7,verse-display,free christmas screen wallpaper,3600,3,0.0,1
65.7,prayers,prayer compass app,3600,9,6.56,1
65.3,other,pastors meaning,4400,1,0.0,1
65.2,devotionals,devotional on proverbs 31,5400,9,0.75,1
65.2,other,how long does a clavicle break take to heal,4400,2,0.38,1
65.1,prayers,saint therese of lisieux novena,4400,5,1.56,1
65.0,how-to-block,how to reduce hypertension instantly,9900,31,1.81,1
65.0,bible-study,bible reading plan chronological,8100,23,2.34,6
64.9,how-to-block,how to quit thinking about something,2900,1,2.71,1
64.8,verse-display,air one verse of the day,2900,12,6.83,2
64.8,bible-verses,bible passages about advent,2400,2,8.78,1
64.8,competitors,screenzen,2400,7,2.43,3
64.7,blocker-tools,brick app blocker,2900,12,1.28,2
64.6,bible-verses,bible passages about nature,4400,2,0.14,1
64.5,how-to-other,how to check screen time on iphone,5400,13,2.34,5
64.4,prayers,st andrew christmas novena,5400,8,0.03,5
64.4,other,what does it say in the bible about baptism,2900,6,7.68,1
64.4,competitors,hallow app controversy,1900,6,5.0,1
64.3,other,quotes about bible love,6600,16,1.09,5
64.3,bible-verses,bible passages about revenge,4400,2,0.02,1
64.3,how-to-other,how to pray tahajjud prayer,4400,2,0.03,1
64.1,prayers,verse how to pray,5400,11,1.22,1
64.1,other,cold cut turkey,4400,3,0.34,1
64.0,bible-verses,what does the bible say about sex outside of marriage,3600,2,2.45,1
64.0,how-to-block,how to quit being lazy,2900,2,2.77,1
63.9,verse-display,inspiring bible verse of the day,9900,45,10.89,2
63.9,verse-display,motivational bible verse of the day,9900,45,10.89,1
63.7,prayers,prayer of the divine chaplet,14800,34,0.44,1
63.7,other,what does god say about love in the bible,8100,23,1.82,1
63.6,prayers,divine mercy chaplet pdf,4400,4,0.56,2
63.5,catholic,lent restrictions,8100,22,0.0,1
63.5,bible-verses,what does the bible say about gossip,4400,3,0.12,2
63.2,other,wedding pastors,6600,22,3.78,1
63.0,prayers,short prayer of the day,6600,30,8.95,2
62.9,prayers,novena st therese of lisieux,4400,7,1.56,2
62.8,bible-verses,what does the bible say about anger,3600,2,1.96,1
62.8,bible-verses,what does the bible say about wrath,3600,2,1.96,1
62.7,bible-verses,bible passages about evangelization,2900,6,6.87,1
62.2,prayers,divine mercy chaplet pray,14800,35,0.44,5
62.2,catholic,lent fast,8100,23,0.0,3
62.2,how-to-other,how to pray divine mercy rosary,5400,11,0.47,2
62.2,how-to-other,how to pray the divine mercy chaplet prayer,5400,11,0.47,1
62.2,how-to-other,how to prayer the divine mercy chaplet,5400,11,0.47,1
62.2,bible-verses,bible verses to memorize,3600,5,2.99,5
62.2,how-to-other,how to pray salat al-istikhara,3600,11,6.0,2
62.1,bible-verses,what does the bible say about scripture,4400,4,0.0,1
62.1,how-to-other,how to determine a limit,4400,4,0.0,1
62.0,bible-verses,what does the bible say about mortality,3600,5,2.94,1
62.0,bible-verses,what does the bible say about death,3600,5,2.94,1
61.9,prayers,prayer to francis of assisi,6600,16,0.16,1
61.9,bible-verses,what does the bible say about sex before marriage,3600,4,2.45,1
61.8,bible-verses,what does the bible say about swearing on the bible,3600,1,1.12,1
61.7,devotionals,book daily devotional,6600,18,1.02,3
61.7,parental,ipad parental control,6600,34,3.26,11
61.6,other,hypertension how to reduce,18100,41,1.55,1
61.6,platform,chrome browser pop up blocker,12100,35,2.79,2
61.4,how-to-block,how to reduce period cramp,12100,37,1.52,3
61.3,blocker-tools,restaurant pomodoro,3600,22,2.05,3
61.2,other,can females be pastors,4400,10,2.19,2
61.1,audiences,church pastors,2900,16,27.65,3
61.0,prayers,novena sacred heart of jesus,6600,18,0.77,8
60.8,prayers,pray novena,5400,23,6.16,5
60.7,how-to-block,how to reduce bodily inflammation,12100,37,1.23,1
60.7,prayers,catholic st michael prayer,6600,17,0.16,4
60.7,competitors,wood forest bank app,2400,12,3.04,1
60.6,blocker-tools,how to block websites in chrome mobile,1600,2,2.84,2
60.5,prayers,islamic prayer app,12100,33,1.04,2
60.5,prayers,powerful of prayer,3600,10,4.63,5
60.4,bible-verses,what does the bible say about fasting,5400,24,6.58,1
60.3,catholic,lent catholic religion,6600,23,1.76,2
60.3,prayers,powerful good morning prayer,4400,6,0.09,2
60.2,bible-verses,what does the bible say about a woman preaching,4400,12,2.71,1
60.1,how-to-other,how to start pray,4400,27,20.49,2
60.1,audiences,can women.be pastors,4400,11,2.19,3
59.8,platform,chrome pop up blocker turn off,8100,24,0.74,8
59.7,other,free computer screen backgrounds,9900,34,4.0,2
59.7,other,focus how to,8100,27,2.33,6
59.6,how-to-block,how to quit biting your fingernails,6600,23,0.3,1
59.6,how-to-block,how to quit nail biting,6600,23,0.3,2
59.6,how-to-block,how to quit nail biting habit,6600,23,0.3,1
59.6,bible-verses,what does the bible say about witches,3600,1,0.21,1
59.4,bible-verses,scripture about grace,6600,19,0.6,1
59.1,bible-verses,powerful verses on prayer,3600,5,1.68,1
59.0,platform,free android screen saver,5400,15,1.01,1
59.0,how-to-block,how to quit yawning,5400,22,2.07,1
59.0,other,christian pastors,5400,24,5.89,1
58.9,devotionals,daily devotional david jeremiah,8100,24,0.35,2
58.8,devotionals,in touch daily devotional for today,2900,18,12.93,1
58.7,how-to-other,how to break up with someone who you love,3600,2,0.24,2
58.7,prayers,prayer when depressed,2900,6,4.87,1
58.6,how-to-block,how to quit in smoking,9900,38,3.63,4
58.6,prayers,prayer hail mary catholic,8100,24,0.23,5
58.6,prayers,roman catholic hail mary prayer,8100,24,0.23,2
58.5,bible-study,bible study guide for beginners,3600,4,0.96,2
58.5,other,study guide for the bible for beginners,3600,4,0.96,1
58.5,competitors,hallow app cost,1600,3,3.28,2
58.2,bible-study,bible study topics,3600,9,3.08,8
58.2,other,study bible topics,3600,9,3.08,8
58.2,other,study the bible by topics,3600,9,3.08,1
58.2,bible-study,biblical bible study topics,3600,9,3.08,1
58.2,bible-study,bible study by topics,3600,9,3.08,1
58.2,bible-study,topics about bible study,3600,9,3.08,1
58.1,how-to-other,how to pray tahajjud,4400,8,0.03,2
58.1,other,christmas screen backgrounds free,3600,2,0.0,1
58.0,how-to-block,how to reduce anxiety,9900,37,2.63,2
58.0,how-to-other,how to solve limit,4400,8,0.0,1
57.9,bible-study,bible study book for women,3600,4,0.71,2
57.9,addiction,how to quit addiction,3600,28,8.67,3
57.8,how-to-other,how to prayer god,6600,29,5.52,1
57.8,how-to-block,how to quit stuttering,2900,11,4.23,1
57.7,prayers,a prayer before dawn,8100,25,0.39,1
57.7,prayers,powerful night prayer for family,5400,15,0.46,1
57.6,bible-verses,what does the bible say about worry,3600,12,4.27,1
57.6,blocker-tools,opal screen time app,1600,11,5.73,2
57.3,catholic,bulldog catholic examination of conscience,1600,1,9.25,2
57.3,competitors,quitting alcohol cold turkey,1600,4,3.2,1
57.3,competitors,stopping alcohol cold turkey,1600,4,3.2,1
57.0,blocker-tools,how to bypass site blocker,1900,16,5.63,3
56.9,other,what does it say in the bible about swearing,3600,6,1.12,1
56.9,competitors,cold turkey 1971,2400,9,0.0,1
56.9,competitors,cold turkey film,2400,9,0.0,1
56.8,audiences,christian dior sauvage men,5400,18,1.5,2
56.8,devotionals,joyce meyer's daily devotional,3600,25,12.42,1
56.8,bible-verses,what does the bible say about how to pray,2900,5,3.49,1
56.7,prayers,st andrew xmas novena,5400,15,0.03,1
56.7,prayers,st andrew's christmas novena,5400,15,0.03,1
56.7,bible-study,bible study for catholic,4400,13,1.65,3
56.7,devotionals,devotional for men,4400,12,1.19,1
56.7,addiction,how to break addiction,3600,29,8.67,3
56.4,bible-study,bible year reading plan,12100,38,2.43,14
56.4,how-to-other,how to break a habit of biting nails,6600,21,0.3,2
56.2,how-to-block,how to reduce ldl cholesterol naturally,14800,43,0.77,1
56.2,how-to-other,how to break a combo lock,3600,4,0.0,1
56.1,audiences,curriculum preschool homeschool,6600,27,3.42,1
56.0,how-to-other,how to find limit calculus,4400,10,0.0,5
55.9,other,meditation as a christian,3600,11,2.93,1
55.8,other,what does bible say about the rapture,3600,8,1.49,1
55.8,bible-verses,what does the bible say about rapture,3600,8,1.49,2
55.7,bible-study,bible study on gospel of john,2900,2,1.63,2
55.7,other,partner accountability,1900,4,8.76,1
55.4,devotionals,intouch devotional for today,2900,21,12.93,1
55.4,competitors,alcoholics quitting cold turkey,1600,6,3.2,1
55.3,bible-verses,what does the bible say about dinosaurs,3600,5,0.03,2
55.3,other,what does the christian bible say about halloween,3600,5,0.0,1
55.3,other,what does it say about dinosaurs in the bible,3600,5,0.03,1
55.3,other,wish i knew how to quit you,3600,5,0.0,2
55.2,how-to-other,how to force quit an application,4400,11,0.08,1
55.1,catholic,when did lent begin,5400,19,0.0,1
55.1,audiences,women as pastors,2900,7,3.59,1
55.0,prayers,chaplet of mercy youtube,4400,11,0.0,1
54.9,parental,aura parental control app for iphone,1000,6,11.41,1
54.8,blocker-tools,how to bypass website blocker,1900,18,5.63,3
54.7,audiences,youth group ministry,2900,20,10.86,1
54.4,how-to-block,how to quit farting,5400,24,1.05,1
54.4,other,what does it say in the bible about worrying,3600,12,2.69,1
54.3,how-to-other,how to write a quit letter,5400,18,0.35,1
54.3,blocker-tools,digital wellbeing application,3600,27,1.69,1
54.3,devotionals,intouch daily devotional for today,2900,22,12.93,1
54.2,christian-apps,gateway bible app,5400,30,1.08,2
54.2,other,how much do pastors make,2900,4,1.79,2
54.2,other,how much do pastors earn,2900,4,1.79,1
54.1,audiences,homeschool coops near me,8100,37,6.22,1
54.1,how-to-other,how to break nail biting,6600,23,0.3,1
54.1,platform,disabling pop up blocker chrome,3600,8,0.72,1
54.0,bible-verses,what does the bible say about cursing and swearing,3600,9,1.12,1
54.0,how-to-other,how to break up with someone u love,3600,7,0.24,1
54.0,bible-study,notes for bible study,2900,2,0.85,1
54.0,prayers,powerful prayer to keep evil away,1900,2,6.73,1
53.8,catholic,catholic bible book,6600,26,0.52,17
53.7,addiction,screen free fitness tracker,5400,28,0.7,1
53.7,verse-display,kjv inspirational verse of the day,1900,19,16.13,1
53.6,platform,pop up blocker chrome remove,8100,29,0.74,1
53.5,how-to-other,how to pray divine chaplet,5400,19,0.47,2
53.5,how-to-block,how to quit worrying,2900,12,2.58,1
53.5,competitors,forest trade app,2400,32,19.99,1
53.4,how-to-other,how to break up pdf pages,6600,27,2.12,1
53.3,how-to-block,how to quit hiccups,4400,18,0.08,1
53.3,prayers,prayer is powerful verse,3600,11,1.68,1
53.3,audiences,christian ministry for women,1900,12,29.34,1
53.3,christian-apps,christian meditation for sleeping,1900,7,2.38,1
53.2,devotionals,rick warren daily devotional,6600,24,0.37,1
53.2,audiences,should women be pastors,2400,6,4.78,1
53.1,bible-study,book for women's bible study,3600,9,0.71,2
53.0,prayers,acts how to pray,2900,3,0.79,1
53.0,how-to-other,how to spell break,2900,1,0.0,1
53.0,how-to-other,how to find the focus point of a parabola,2900,1,0.0,1
52.9,catholic,when did lent start,5400,21,0.0,1
52.9,bible-verses,bible passages about guidance,2900,5,1.61,1
52.8,prayers,short prayer before bedtime,3600,8,0.15,1
52.8,prayers,short prayer before sleep,3600,8,0.15,1
52.8,prayers,christian prayer before sleep,3600,10,1.02,1
52.8,how-to-block,how to quit from vim editor,3600,13,0.0,1
52.7,how-to-block,how to quit overeating,4400,29,5.96,1
52.6,how-to-block,how to quit eating,3600,25,6.32,1
52.5,bible-verses,scripture about tithes and offering,6600,26,1.1,1
52.5,how-to-other,how to take a break on facebook,3600,8,0.0,1
52.5,other,pastors appreciation,2900,3,0.55,3
52.3,how-to-other,how to immediately reduce anxiety,9900,38,3.1,1
52.3,bible-verses,verses for in memory,2900,5,1.31,1
52.2,other,female pastors biblical,2900,4,0.85,1
52.2,prayers,powerful gratitude prayer,1600,3,8.89,1
52.1,how-to-other,how to calculate confidence limit,4400,25,5.85,1
52.1,adult-blocking,canopy porn blocker,1600,15,3.05,1
52.1,audiences,pre marriage counselling christian,1600,1,7.76,1
